"","Differential 5 - 6 Last (mV)","Differential 7 - 8 Last (mV)","Differential 9 - 10 Last (mV)"
"1674051619","-60.39","12.78","-15.78"
"1674051620","-60.28","12.77","-15.77"
"1674051621","-60.02","12.72","-15.73"
"1674051622","-59.81","12.69","-15.71"
"1674051623","-59.57","12.65","-15.67"
"1674051624","-59.34","12.61","-15.64"
"1674051625","-59.15","12.58","-15.62"
"1674051626","-58.93","12.54","-15.59"
"1674051627","-58.76","12.51","-15.56"
"1674051628","-58.55","12.49","-15.52"
"1674051629","-58.38","12.43","-15.51"
"1674051630","-58.19","12.40","-15.48"
"1674051631","-58.04","12.37","-15.45"
"1674051632","-57.86","12.36","-15.40"
"1674051633","-57.71","12.29","-15.41"
"1674051634","-57.54","12.26","-15.40"
"1674051635","-57.40","12.24","-15.36"
"1674051636","-57.24","12.21","-15.32"
"1674051637","-57.10","12.18","-15.29"
"1674051638","-56.95","12.15","-15.25"
"1674051639","-56.82","12.12","-15.23"
"1674051640","-56.67","12.09","-15.20"
"1674051641","-56.55","12.06","-15.17"
"1674051642","-56.41","12.03","-15.14"
"1674051643","-56.27","11.98","-15.13"
"1674051644","-56.16","11.96","-15.10"
"1674051645","-56.04","11.94","-15.08"
"1674051646","-55.93","11.90","-15.08"
"1674051647","-55.81","11.88","-15.01"
"1674051648","-55.71","11.86","-15.00"
"1674051649","-55.60","11.83","-14.97"
"1674051650","-55.51","11.80","-14.94"
"1674051651","-55.40","11.72","-15.05"
"1674051652","-55.33","11.84","-14.77"
"1674051653","-55.20","11.77","-14.81"
"1674051654","-55.11","11.69","-14.84"
"1674051655","-55.01","11.68","-14.81"
"1674051656","-54.92","11.65","-14.79"
"1674051657","-54.83","11.62","-14.76"
"1674051658","-54.75","11.61","-14.74"
"1674051659","-54.64","11.55","-14.74"
"1674051660","-54.57","11.55","-14.69"
"1674051661","-54.47","11.53","-14.66"
"1674051662","-54.40","11.50","-14.64"
"1674051663","-54.30","11.48","-14.62"
"1674051664","-54.21","11.45","-14.59"
"1674051665","-54.14","11.43","-14.57"
"1674051666","-54.05","11.40","-14.55"
"1674051667","-53.98","11.39","-14.53"
"1674051668","-53.89","11.36","-14.51"
"1674051669","-53.82","11.36","-14.47"
"1674051670","-53.74","11.30","-14.49"
"1674051671","-53.67","11.30","-14.45"
"1674051672","-53.59","11.27","-14.43"
"1674051673","-53.52","11.25","-14.41"
"1674051674","-53.44","11.23","-14.39"
"1674051675","-53.37","11.21","-14.37"
"1674051676","-53.29","11.19","-14.34"
"1674051677","-53.23","11.15","-14.40"
"1674051678","-53.15","11.15","-14.32"
"1674051679","-53.09","11.16","-14.23"
"1674051680","-53.01","11.11","-14.25"
"1674051681","-52.96","11.07","-14.31"
"1674051682","-52.90","11.09","-14.22"
"1674051683","-52.82","11.07","-14.18"
"1674051684","-52.76","11.03","-14.20"
"1674051685","-52.70","11.04","-14.12"
"1674051686","-52.62","10.99","-14.11"
"1674051687","-52.56","10.98","-14.08"
"1674051688","-52.50","10.95","-14.08"
"1674051689","-52.44","10.94","-14.05"
"1674051690","-52.39","10.93","-14.03"
"1674051691","-52.33","10.90","-14.02"
"1674051692","-52.28","10.88","-14.01"
"1674051693","-52.21","10.85","-13.99"
"1674051694","-52.17","10.84","-13.97"
"1674051695","-52.11","10.82","-13.95"
"1674051696","-52.06","10.79","-13.95"
"1674051697","-52.00","10.78","-13.91"
"1674051698","-51.95","10.77","-13.90"
"1674051699","-51.90","10.76","-13.86"
"1674051700","-51.85","10.75","-13.86"
"1674051701","-51.80","10.72","-13.80"
"1674051702","-51.73","10.69","-13.81"
"1674051703","-51.69","10.67","-13.80"
"1674051704","-51.63","10.63","-13.81"
"1674051705","-51.58","10.63","-13.78"
"1674051706","-51.53","10.65","-13.71"
"1674051707","-51.49","10.63","-13.71"
"1674051708","-51.44","10.60","-13.71"
"1674051709","-51.40","10.57","-13.71"
"1674051710","-51.36","10.59","-13.65"
"1674051711","-51.31","10.55","-13.64"
"1674051712","-51.27","10.57","-13.57"
"1674051713","-51.22","10.49","-13.63"
"1674051714","-51.17","10.49","-13.59"
"1674051715","-51.14","10.48","-13.58"
"1674051716","-51.09","10.46","-13.56"
"1674051717","-51.05","10.44","-13.54"
"1674051718","-51.01","10.42","-13.53"
"1674051719","-50.98","10.42","-13.49"
"1674051720","-50.93","10.39","-13.49"
"1674051721","-50.89","10.36","-13.48"
"1674051722","-50.85","10.36","-13.45"
"1674051723","-50.81","10.34","-13.43"
"1674051724","-50.77","10.33","-13.41"
"1674051725","-50.73","10.31","-13.39"
"1674051726","-50.70","10.30","-13.38"
"1674051727","-50.65","10.28","-13.36"
"1674051728","-50.62","10.27","-13.35"
"1674051729","-50.58","10.25","-13.34"
"1674051730","-50.54","10.24","-13.33"
"1674051731","-50.50","10.22","-13.31"
"1674051732","-50.46","10.21","-13.29"
"1674051733","-50.42","10.19","-13.28"
"1674051734","-50.39","10.18","-13.27"
"1674051735","-50.35","10.17","-13.24"
"1674051736","-50.31","10.15","-13.23"
"1674051737","-50.27","10.14","-13.22"
"1674051738","-50.24","10.13","-13.21"
"1674051739","-50.20","10.11","-13.19"
"1674051740","-50.17","10.12","-13.16"
"1674051741","-50.13","10.10","-13.15"
"1674051742","-50.09","10.08","-13.15"
"1674051743","-50.05","10.06","-13.14"
"1674051744","-50.01","10.03","-13.14"
"1674051745","-49.98","10.03","-13.11"
"1674051746","-49.94","10.02","-13.09"
"1674051747","-49.91","10.00","-13.10"
"1674051748","-49.86","9.99","-13.08"
"1674051749","-49.83","9.97","-13.07"
"1674051750","-49.79","9.97","-13.05"
"1674051751","-49.76","9.96","-13.04"
"1674051752","-49.72","9.95","-13.02"
"1674051753","-49.69","9.94","-13.01"
"1674051754","-49.65","9.92","-13.00"
"1674051755","-49.62","9.91","-12.99"
"1674051756","-49.58","9.91","-12.96"
"1674051757","-49.54","9.89","-12.97"
"1674051758","-49.51","9.87","-12.95"
"1674051759","-49.47","9.87","-12.93"
"1674051760","-49.44","9.87","-12.91"
"1674051761","-49.41","9.83","-12.92"
"1674051762","-49.37","9.82","-12.90"
"1674051763","-49.32","9.77","-12.96"
"1674051764","-49.30","9.80","-12.87"
"1674051765","-49.27","9.80","-12.85"
"1674051766","-49.24","9.79","-12.84"
"1674051767","-49.20","9.77","-12.84"
"1674051768","-49.18","9.78","-12.80"
"1674051769","-49.14","9.76","-12.79"
"1674051770","-49.11","9.75","-12.78"
"1674051771","-49.07","9.73","-12.78"
"1674051772","-49.04","9.72","-12.77"
"1674051773","-49.01","9.72","-12.75"
"1674051774","-48.98","9.70","-12.75"
"1674051775","-48.98","9.68","-12.77"
"1674051776","-49.00","9.67","-12.74"
"1674051777","-48.94","9.67","-12.71"
"1674051778","-48.91","9.67","-12.69"
"1674051779","-48.85","9.64","-12.69"
"1674051780","-48.81","9.63","-12.67"
"1674051781","-48.76","9.64","-12.65"
"1674051782","-48.72","9.62","-12.65"
"1674051783","-48.67","9.64","-12.56"
"1674051784","-48.63","9.61","-12.62"
"1674051785","-48.58","9.50","-12.72"
"1674051786","-48.56","9.55","-12.62"
"1674051787","-48.53","9.54","-12.60"
"1674051788","-48.50","9.55","-12.57"
"1674051789","-48.48","9.56","-12.54"
"1674051790","-48.46","9.56","-12.52"
"1674051791","-48.43","9.61","-12.44"
"1674051792","-48.38","9.50","-12.52"
"1674051793","-48.35","9.49","-12.54"
"1674051794","-48.31","9.49","-12.50"
"1674051795","-48.29","9.48","-12.48"
"1674051796","-48.27","9.48","-12.46"
"1674051797","-48.25","9.47","-12.45"
"1674051798","-48.22","9.47","-12.44"
"1674051799","-48.20","9.46","-12.43"
"1674051800","-48.18","9.45","-12.42"
"1674051801","-48.16","9.45","-12.41"
"1674051802","-48.15","9.45","-12.37"
"1674051803","-48.09","9.44","-12.36"
"1674051804","-48.05","9.43","-12.35"
"1674051805","-48.02","9.43","-12.34"
"1674051806","-47.99","9.41","-12.32"
"1674051807","-47.97","9.42","-12.30"
"1674051808","-47.95","9.40","-12.31"
"1674051809","-47.94","9.42","-12.28"
"1674051810","-47.91","9.36","-12.33"
"1674051811","-47.89","9.34","-12.31"
"1674051812","-47.87","9.35","-12.29"
"1674051813","-47.85","9.34","-12.28"
"1674051814","-47.83","9.33","-12.27"
"1674051815","-47.81","9.34","-12.25"
"1674051816","-47.79","9.32","-12.25"
"1674051817","-47.78","9.31","-12.24"
"1674051818","-47.76","9.30","-12.23"
"1674051819","-47.74","9.30","-12.22"
"1674051820","-47.73","9.29","-12.21"
"1674051821","-47.71","9.28","-12.20"
"1674051822","-47.69","9.26","-12.20"
"1674051823","-47.68","9.26","-12.20"
"1674051824","-47.72","9.26","-12.17"
"1674051825","-47.67","9.24","-12.18"
"1674051826","-47.64","9.25","-12.14"
"1674051827","-47.61","9.24","-12.14"
"1674051828","-47.58","9.23","-12.13"
"1674051829","-47.56","9.22","-12.12"
"1674051830","-47.52","9.21","-12.11"
"1674051831","-47.51","9.20","-12.11"
"1674051832","-47.47","9.19","-12.09"
"1674051833","-47.45","9.19","-12.08"
"1674051834","-47.43","9.18","-12.07"
"1674051835","-47.41","9.17","-12.06"
"1674051836","-47.39","9.17","-12.05"
"1674051837","-47.37","9.16","-12.04"
"1674051838","-47.35","9.15","-12.03"
"1674051839","-47.33","9.15","-12.02"
"1674051840","-47.31","9.14","-12.01"
"1674051841","-47.29","9.13","-12.00"
"1674051842","-47.28","9.12","-11.99"
"1674051843","-47.26","9.12","-11.98"
"1674051844","-47.24","9.11","-11.97"
"1674051845","-47.23","9.10","-11.96"
"1674051846","-47.21","9.10","-11.95"
"1674051847","-47.19","9.09","-11.93"
"1674051848","-47.18","9.08","-11.93"
"1674051849","-47.17","9.08","-11.91"
"1674051850","-47.13","9.07","-11.91"
"1674051851","-47.10","9.06","-11.90"
"1674051852","-47.08","9.06","-11.89"
"1674051853","-47.06","9.05","-11.87"
"1674051854","-47.05","9.05","-11.86"
"1674051855","-47.03","9.04","-11.85"
"1674051856","-47.02","9.03","-11.84"
"1674051857","-47.00","9.03","-11.83"
"1674051858","-46.99","9.02","-11.82"
"1674051859","-46.98","9.02","-11.80"
"1674051860","-46.97","9.01","-11.79"
"1674051861","-46.96","9.00","-11.78"
"1674051862","-46.94","9.00","-11.77"
"1674051863","-46.93","8.99","-11.76"
"1674051864","-46.92","8.98","-11.75"
"1674051865","-46.90","8.98","-11.74"
"1674051866","-46.89","8.97","-11.73"
"1674051867","-46.88","8.98","-11.70"
"1674051868","-46.80","8.97","-11.71"
"1674051869","-46.78","8.96","-11.70"
"1674051870","-46.75","8.96","-11.69"
"1674051871","-46.74","8.95","-11.68"
"1674051872","-46.73","8.94","-11.67"
"1674051873","-46.72","8.94","-11.65"
"1674051874","-46.72","8.94","-11.64"
"1674051875","-46.71","8.93","-11.63"
"1674051876","-46.69","8.92","-11.62"
"1674051877","-46.68","8.92","-11.61"
"1674051878","-46.67","8.91","-11.60"
"1674051879","-46.66","8.91","-11.59"
"1674051880","-46.65","8.90","-11.58"
"1674051881","-46.64","8.88","-11.57"
"1674051882","-46.64","8.90","-11.54"
"1674051883","-46.63","8.89","-11.55"
"1674051884","-46.62","8.87","-11.56"
"1674051885","-46.62","8.87","-11.56"
"1674051886","-46.62","8.86","-11.57"
"1674051887","-46.60","8.87","-11.54"
"1674051888","-46.57","8.85","-11.53"
"1674051889","-46.55","8.86","-11.51"
"1674051890","-46.53","8.87","-11.45"
"1674051891","-46.51","8.85","-11.46"
"1674051892","-46.51","8.84","-11.46"
"1674051893","-46.50","8.84","-11.45"
"1674051894","-46.49","8.83","-11.45"
"1674051895","-46.48","8.83","-11.45"
"1674051896","-46.48","8.83","-11.45"
"1674051897","-46.47","8.81","-11.46"
"1674051898","-46.46","8.80","-11.45"
"1674051899","-46.46","8.82","-11.43"
"1674051900","-46.45","8.80","-11.44"
"1674051901","-46.44","8.80","-11.44"
"1674051902","-46.43","8.79","-11.43"
"1674051903","-46.43","8.78","-11.43"
"1674051904","-46.42","8.77","-11.43"
"1674051905","-46.41","8.77","-11.42"
"1674051906","-46.40","8.78","-11.39"
"1674051907","-46.40","8.77","-11.41"
"1674051908","-46.41","8.85","-11.32"
"1674051909","-46.38","8.74","-11.43"
"1674051910","-46.37","8.74","-11.40"
"1674051911","-46.37","8.78","-11.35"
"1674051912","-46.35","8.72","-11.38"
"1674051913","-46.34","8.73","-11.37"
"1674051914","-46.33","8.73","-11.36"
"1674051915","-46.33","8.73","-11.35"
"1674051916","-46.32","8.72","-11.34"
"1674051917","-46.32","8.71","-11.34"
"1674051918","-46.31","8.71","-11.33"
"1674051919","-46.30","8.71","-11.32"
"1674051920","-46.30","8.70","-11.32"
"1674051921","-46.29","8.69","-11.31"
"1674051922","-46.29","8.69","-11.30"
"1674051923","-46.28","8.69","-11.29"
"1674051924","-46.28","8.68","-11.29"
"1674051925","-46.27","8.68","-11.29"
"1674051926","-46.27","8.68","-11.29"
"1674051927","-46.27","8.68","-11.26"
"1674051928","-46.26","8.69","-11.25"
"1674051929","-46.25","8.66","-11.25"
"1674051930","-46.25","8.65","-11.24"
"1674051931","-46.27","8.63","-11.24"
"1674051932","-46.29","8.63","-11.23"
"1674051933","-46.26","8.61","-11.31"
"1674051934","-45.45","5.08","-11.27"
"1674051935","-44.38","6.26","-11.45"
"1674051936","-43.87","6.00","-11.43"
"1674051937","-40.86","5.36","-11.14"
"1674051938","-37.39","4.70","-9.55"
"1674051939","-31.95","5.91","-9.75"
"1674051940","-32.67","6.83","-10.34"
"1674051941","-30.02","7.21","-10.55"
"1674051942","-28.25","7.55","-11.25"
"1674051943","-26.56","7.50","-10.98"
"1674051944","-24.96","7.33","-10.83"
"1674051945","-23.77","7.32","-10.49"
"1674051946","-22.64","7.23","-9.79"
"1674051947","-22.00","7.20","-9.26"
"1674051948","-21.59","7.17","-8.86"
"1674051949","-21.35","7.08","-9.17"
"1674051950","-21.13","6.90","-9.15"
"1674051951","-20.95","6.77","-9.11"
"1674051952","-20.73","6.62","-9.12"
"1674051953","-20.56","6.51","-9.11"
"1674051954","-20.42","6.33","-9.07"
"1674051955","-20.38","6.23","-8.77"
"1674051956","-20.45","5.89","-8.54"
"1674051957","-22.57","5.53","-8.41"
"1674051958","-24.69","5.31","-8.39"
"1674051959","-21.02","5.10","-8.21"
"1674051960","-19.82","5.05","-8.09"
"1674051961","-19.80","4.96","-8.09"
"1674051962","-20.00","4.85","-7.93"
"1674051963","-100.04","92.18","-9.13"
"1674051964","8.03","16.55","-70.93"
"1674051965","-10.23","18.78","-72.67"
"1674051966","-19.49","20.29","-72.75"
"1674051967","-47.72","16.23","-72.09"
"1674051968","-50.65","17.97","-79.11"
"1674051969","-57.42","18.88","-75.93"
"1674051970","-60.15","19.61","-75.00"
"1674051971","-62.87","20.21","-74.57"
"1674051972","-64.95","20.61","-74.31"
"1674051973","-67.05","20.90","-74.22"
"1674051974","-68.39","21.02","-74.15"
"1674051975","-69.81","21.14","-74.08"
"1674051976","-70.80","21.15","-74.07"
"1674051977","-71.79","21.11","-74.07"
"1674051978","-72.48","21.05","-74.08"
"1674051979","-73.16","20.97","-74.07"
"1674051980","-73.71","20.86","-74.03"
"1674051981","-74.08","20.77","-73.97"
"1674051982","-74.44","20.66","-73.86"
"1674051983","-74.67","20.57","-73.75"
"1674051984","-74.90","20.45","-73.60"
"1674051985","-75.03","20.37","-73.46"
"1674051986","-75.14","20.27","-73.27"
"1674051987","-75.17","20.19","-73.09"
"1674051988","-75.19","20.11","-72.87"
"1674051989","-75.20","20.06","-72.66"
"1674051990","-75.16","19.98","-72.43"
"1674051991","-75.12","19.92","-72.21"
"1674051992","-75.05","19.86","-71.95"
"1674051993","-74.97","19.81","-71.73"
"1674051994","-74.86","19.76","-71.48"
"1674051995","-74.75","19.72","-71.27"
"1674051996","-74.62","19.68","-71.01"
"1674051997","-74.49","19.64","-70.80"
"1674051998","-74.35","19.60","-70.55"
"1674051999","-74.19","19.55","-70.30"
"1674052000","-74.05","19.51","-70.09"
"1674052001","-73.91","19.45","-69.85"
"1674052002","-73.75","19.41","-69.63"
"1674052003","-73.60","19.35","-69.41"
"1674052004","-73.46","19.30","-69.19"
"1674052005","-73.29","19.23","-68.96"
"1674052006","-73.14","19.18","-68.78"
"1674052007","-72.96","19.11","-68.55"
"1674052008","-72.81","19.06","-68.36"
"1674052009","-72.63","18.99","-68.15"
"1674052010","-72.47","18.93","-67.97"
"1674052011","-72.29","18.86","-67.76"
"1674052012","-72.14","18.79","-67.59"
"1674052013","-71.94","18.71","-67.38"
"1674052014","-71.77","18.65","-67.21"
"1674052015","-71.57","18.57","-67.01"
"1674052016","-71.40","18.50","-66.85"
"1674052017","-71.20","18.41","-66.67"
"1674052018","-71.01","18.33","-66.49"
"1674052019","-70.86","18.26","-66.34"
"1674052020","-70.66","18.16","-66.17"
"1674052021","-70.50","18.09","-66.03"
"1674052022","-70.30","17.99","-65.88"
"1674052023","-70.14","17.91","-65.75"
"1674052024","-69.95","17.82","-65.60"
"1674052025","-69.79","17.74","-65.49"
"1674052026","-69.59","17.65","-65.34"
"1674052027","-69.43","17.58","-65.23"
"1674052028","-69.24","17.49","-65.10"
"1674052029","-69.08","17.41","-65.00"
"1674052030","-68.89","17.33","-64.88"
"1674052031","-68.74","17.25","-64.78"
"1674052032","-68.54","17.16","-64.66"
"1674052033","-68.39","17.09","-64.56"
"1674052034","-68.20","17.01","-64.45"
"1674052035","-68.05","16.94","-64.35"
"1674052036","-67.86","16.86","-64.24"
"1674052037","-67.71","16.79","-64.15"
"1674052038","-67.52","16.71","-64.04"
"1674052039","-67.34","16.63","-63.93"
"1674052040","-67.18","16.56","-63.85"
"1674052041","-67.01","16.50","-63.73"
"1674052042","-66.85","16.42","-63.66"
"1674052043","-66.67","16.34","-63.57"
"1674052044","-66.52","16.28","-63.49"
"1674052045","-66.34","16.20","-63.41"
"1674052046","-66.19","16.13","-63.34"
"1674052047","-66.01","16.06","-63.26"
"1674052048","-65.85","15.99","-63.20"
"1674052049","-65.66","15.91","-63.14"
"1674052050","-65.50","15.85","-63.08"
"1674052051","-65.31","15.77","-63.02"
"1674052052","-65.14","15.71","-62.97"
"1674052053","-64.95","15.63","-62.92"
"1674052054","-64.80","15.57","-62.87"
"1674052055","-64.62","15.48","-62.83"
"1674052056","-64.48","15.41","-62.79"
"1674052057","-64.30","15.34","-62.75"
"1674052058","-64.14","15.27","-62.71"
"1674052059","-64.00","15.21","-62.68"
"1674052060","-63.84","15.14","-62.64"
"1674052061","-63.71","15.09","-62.61"
"1674052062","-63.55","15.02","-62.58"
"1674052063","-63.42","14.96","-62.55"
"1674052064","-63.27","14.89","-62.51"
"1674052065","-63.14","14.84","-62.48"
"1674052066","-62.98","14.77","-62.44"
"1674052067","-62.84","14.71","-62.41"
"1674052068","-62.68","14.64","-62.38"
"1674052069","-62.54","14.59","-62.35"
"1674052070","-62.37","14.52","-62.31"
"1674052071","-62.22","14.46","-62.28"
"1674052072","-62.06","14.40","-62.25"
"1674052073","-61.92","14.34","-62.22"
"1674052074","-61.76","14.28","-62.19"
"1674052075","-61.63","14.22","-62.16"
"1674052076","-61.48","14.16","-62.12"
"1674052077","-61.33","14.10","-62.08"
"1674052078","-61.21","14.05","-62.05"
"1674052079","-61.06","13.99","-62.01"
"1674052080","-60.94","13.94","-61.97"
"1674052081","-60.79","13.89","-61.92"
"1674052082","-60.67","13.84","-61.88"
"1674052083","-60.52","13.78","-61.84"
"1674052084","-60.39","13.74","-61.80"
"1674052085","-60.24","13.68","-61.75"
"1674052086","-60.11","13.64","-61.72"
"1674052087","-59.97","13.60","-61.67"
"1674052088","-59.84","13.54","-61.63"
"1674052089","-59.70","13.49","-61.58"
"1674052090","-59.58","13.45","-61.54"
"1674052091","-59.43","13.40","-61.49"
"1674052092","-59.31","13.36","-61.45"
"1674052093","-59.17","13.31","-61.39"
"1674052094","-59.05","13.27","-61.34"
"1674052095","-58.91","13.22","-61.29"
"1674052096","-58.81","13.17","-61.24"
"1674052097","-58.67","13.13","-61.18"
"1674052098","-58.55","13.08","-61.12"
"1674052099","-58.45","13.05","-61.08"
"1674052100","-58.32","13.00","-61.02"
"1674052101","-58.22","12.96","-60.97"
"1674052102","-58.09","12.92","-60.91"
"1674052103","-57.99","12.89","-60.86"
"1674052104","-57.87","12.85","-60.80"
"1674052105","-57.78","12.81","-60.76"
"1674052106","-57.66","12.77","-60.70"
"1674052107","-57.56","12.74","-60.65"
"1674052108","-57.43","12.70","-60.60"
"1674052109","-57.33","12.66","-60.55"
"1674052110","-57.20","12.62","-60.50"
"1674052111","-57.08","12.59","-60.45"
"1674052112","-56.95","12.55","-60.39"
"1674052113","-56.84","12.51","-60.35"
"1674052114","-56.71","12.47","-60.30"
"1674052115","-56.59","12.44","-60.25"
"1674052116","-56.46","12.39","-60.19"
"1674052117","-56.34","12.35","-60.13"
"1674052118","-56.24","12.31","-60.08"
"1674052119","-56.11","12.28","-60.03"
"1674052120","-56.00","12.24","-59.97"
"1674052121","-55.88","12.20","-59.92"
"1674052122","-55.79","12.16","-59.87"
"1674052123","-55.68","12.12","-59.81"
"1674052124","-55.59","12.09","-59.76"
"1674052125","-55.48","12.05","-59.70"
"1674052126","-55.38","12.01","-59.65"
"1674052127","-55.27","11.97","-59.59"
"1674052128","-55.18","11.94","-59.54"
"1674052129","-55.07","11.91","-59.48"
"1674052130","-54.97","11.88","-59.43"
"1674052131","-54.86","11.84","-59.37"
"1674052132","-54.76","11.81","-59.32"
"1674052133","-54.64","11.78","-59.26"
"1674052134","-54.55","11.75","-59.21"
"1674052135","-54.44","11.71","-59.14"
"1674052136","-54.35","11.69","-59.09"
"1674052137","-54.24","11.65","-59.03"
"1674052138","-54.14","11.62","-58.97"
"1674052139","-54.05","11.59","-58.92"
"1674052140","-53.97","11.56","-58.86"
"1674052141","-53.87","11.54","-58.80"
"1674052142","-53.77","11.50","-58.74"
"1674052143","-53.68","11.47","-58.68"
"1674052144","-53.57","11.44","-58.62"
"1674052145","-53.48","11.42","-58.57"
"1674052146","-53.36","11.38","-58.51"
"1674052147","-53.27","11.35","-58.46"
"1674052148","-53.15","11.32","-58.39"
"1674052149","-53.05","11.29","-58.34"
"1674052150","-52.94","11.26","-58.27"
"1674052151","-52.86","11.24","-58.22"
"1674052152","-52.74","11.21","-58.16"
"1674052153","-52.66","11.18","-58.10"
"1674052154","-52.56","11.15","-58.04"
"1674052155","-52.48","11.13","-57.98"
"1674052156","-52.38","11.10","-57.92"
"1674052157","-52.29","11.07","-57.86"
"1674052158","-52.21","11.04","-57.80"
"1674052159","-52.11","11.01","-57.74"
"1674052160","-52.03","10.99","-57.68"
"1674052161","-51.95","10.96","-57.62"
"1674052162","-51.87","10.93","-57.57"
"1674052163","-51.78","10.91","-57.51"
"1674052164","-51.70","10.88","-57.46"
"1674052165","-51.61","10.85","-57.40"
"1674052166","-51.54","10.83","-57.35"
"1674052167","-51.45","10.80","-57.29"
"1674052168","-51.38","10.78","-57.23"
"1674052169","-51.28","10.75","-57.17"
"1674052170","-51.21","10.72","-57.12"
"1674052171","-51.12","10.70","-57.06"
"1674052172","-51.05","10.68","-57.01"
"1674052173","-50.97","10.65","-56.95"
"1674052174","-50.90","10.63","-56.90"
"1674052175","-50.82","10.60","-56.84"
"1674052176","-50.73","10.58","-56.78"
"1674052177","-50.67","10.56","-56.73"
"1674052178","-50.58","10.53","-56.67"
"1674052179","-50.51","10.51","-56.63"
"1674052180","-50.44","10.49","-56.57"
"1674052181","-50.36","10.47","-56.52"
"1674052182","-50.27","10.45","-56.46"
"1674052183","-50.20","10.43","-56.41"
"1674052184","-50.11","10.41","-56.36"
"1674052185","-50.03","10.39","-56.31"
"1674052186","-49.94","10.37","-56.26"
"1674052187","-49.87","10.36","-56.21"
"1674052188","-49.78","10.33","-56.16"
"1674052189","-49.71","10.31","-56.11"
"1674052190","-49.63","10.29","-56.06"
"1674052191","-49.55","10.27","-56.02"
"1674052192","-49.47","10.25","-55.96"
"1674052193","-49.39","10.23","-55.92"
"1674052194","-49.30","10.21","-55.87"
"1674052195","-49.23","10.19","-55.82"
"1674052196","-49.14","10.16","-55.77"
"1674052197","-49.05","10.14","-55.72"
"1674052198","-48.97","10.13","-55.68"
"1674052199","-48.89","10.11","-55.63"
"1674052200","-48.82","10.09","-55.59"
"1674052201","-48.74","10.07","-55.54"
"1674052202","-48.67","10.06","-55.49"
"1674052203","-48.60","10.04","-55.45"
"1674052204","-48.53","10.02","-55.41"
"1674052205","-48.46","10.00","-55.36"
"1674052206","-48.40","9.99","-55.32"
"1674052207","-48.32","9.97","-55.27"
"1674052208","-48.26","9.95","-55.24"
"1674052209","-48.18","9.93","-55.19"
"1674052210","-48.12","9.92","-55.15"
"1674052211","-48.05","9.89","-55.11"
"1674052212","-47.99","9.88","-55.07"
"1674052213","-47.92","9.85","-55.02"
"1674052214","-47.86","9.84","-54.99"
"1674052215","-47.79","9.82","-54.94"
"1674052216","-47.72","9.80","-54.90"
"1674052217","-47.66","9.78","-54.86"
"1674052218","-47.59","9.77","-54.82"
"1674052219","-47.54","9.75","-54.78"
"1674052220","-47.47","9.74","-54.73"
"1674052221","-47.42","9.72","-54.70"
"1674052222","-47.35","9.68","-54.68"
"1674052223","-47.30","9.67","-54.62"
"1674052224","-47.23","9.65","-54.58"
"1674052225","-47.17","9.64","-54.54"
"1674052226","-47.10","9.62","-54.50"
"1674052227","-47.04","9.60","-54.46"
"1674052228","-46.97","9.59","-54.42"
"1674052229","-46.91","9.57","-54.38"
"1674052230","-46.84","9.56","-54.33"
"1674052231","-46.79","9.54","-54.30"
"1674052232","-46.73","9.52","-54.26"
"1674052233","-46.67","9.51","-54.22"
"1674052234","-46.61","9.49","-54.18"
"1674052235","-46.55","9.47","-54.13"
"1674052236","-46.50","9.46","-54.10"
"1674052237","-46.43","9.44","-54.05"
"1674052238","-46.38","9.42","-54.02"
"1674052239","-46.31","9.41","-53.97"
"1674052240","-46.26","9.40","-53.93"
"1674052241","-46.20","9.38","-53.89"
"1674052242","-46.15","9.37","-53.85"
"1674052243","-46.08","9.35","-53.80"
"1674052244","-46.03","9.34","-53.77"
"1674052245","-45.97","9.32","-53.72"
"1674052246","-45.91","9.31","-53.69"
"1674052247","-45.85","9.30","-53.64"
"1674052248","-45.80","9.29","-53.60"
"1674052249","-45.73","9.28","-53.56"
"1674052250","-45.68","9.27","-53.52"
"1674052251","-45.62","9.26","-53.48"
"1674052252","-45.56","9.25","-53.44"
"1674052253","-45.50","9.24","-53.40"
"1674052254","-45.45","9.23","-53.36"
"1674052255","-45.39","9.22","-53.32"
"1674052256","-45.32","9.21","-53.28"
"1674052257","-45.27","9.20","-53.24"
"1674052258","-45.21","9.19","-53.20"
"1674052259","-45.16","9.18","-53.16"
"1674052260","-45.10","9.16","-53.11"
"1674052261","-45.05","9.15","-53.08"
"1674052262","-44.99","9.14","-53.03"
"1674052263","-44.94","9.13","-53.00"
"1674052264","-44.88","9.12","-52.95"
"1674052265","-44.83","9.11","-52.92"
"1674052266","-44.76","9.10","-52.87"
"1674052267","-44.71","9.08","-52.84"
"1674052268","-44.64","9.07","-52.79"
"1674052269","-44.58","9.06","-52.76"
"1674052270","-44.51","9.05","-52.72"
"1674052271","-44.46","9.04","-52.68"
"1674052272","-44.39","9.02","-52.64"
"1674052273","-44.33","9.02","-52.60"
"1674052274","-44.26","9.01","-52.56"
"1674052275","-44.19","9.00","-52.51"
"1674052276","-44.14","9.00","-52.48"
"1674052277","-44.07","8.99","-52.44"
"1674052278","-44.02","8.98","-52.40"
"1674052279","-43.96","8.97","-52.36"
"1674052280","-43.91","8.96","-52.33"
"1674052281","-43.85","8.95","-52.28"
"1674052282","-43.80","8.94","-52.25"
"1674052283","-43.74","8.92","-52.21"
"1674052284","-43.69","8.91","-52.17"
"1674052285","-43.64","8.90","-52.13"
"1674052286","-43.59","8.89","-52.10"
"1674052287","-43.54","8.88","-52.06"
"1674052288","-43.49","8.86","-52.02"
"1674052289","-43.43","8.85","-51.98"
"1674052290","-43.39","8.84","-51.95"
"1674052291","-43.33","8.82","-51.91"
"1674052292","-43.28","8.81","-51.88"
"1674052293","-43.22","8.80","-51.84"
"1674052294","-43.16","8.79","-51.80"
"1674052295","-43.11","8.78","-51.76"
"1674052296","-43.06","8.76","-51.73"
"1674052297","-43.02","8.75","-51.69"
"1674052298","-42.96","8.74","-51.65"
"1674052299","-42.92","8.73","-51.62"
"1674052300","-42.86","8.72","-51.58"
"1674052301","-42.82","8.71","-51.55"
"1674052302","-42.76","8.70","-51.51"
"1674052303","-42.72","8.68","-51.48"
"1674052304","-42.66","8.67","-51.44"
"1674052305","-42.61","8.66","-51.41"
"1674052306","-42.56","8.65","-51.37"
"1674052307","-42.51","8.64","-51.34"
"1674052308","-42.46","8.63","-51.30"
"1674052309","-42.41","8.62","-51.27"
"1674052310","-42.35","8.61","-51.23"
"1674052311","-42.30","8.60","-51.20"
"1674052312","-42.24","8.59","-51.16"
"1674052313","-42.18","8.58","-51.13"
"1674052314","-42.12","8.58","-51.09"
"1674052315","-42.05","8.56","-51.05"
"1674052316","-42.00","8.56","-51.02"
"1674052317","-41.93","8.55","-50.98"
"1674052318","-41.88","8.54","-50.95"
"1674052319","-41.82","8.53","-50.91"
"1674052320","-41.77","8.52","-50.88"
"1674052321","-41.71","8.51","-50.84"
"1674052322","-41.66","8.51","-50.81"
"1674052323","-41.60","8.50","-50.77"
"1674052324","-41.54","8.49","-50.74"
"1674052325","-41.49","8.48","-50.70"
"1674052326","-41.44","8.47","-50.67"
"1674052327","-41.38","8.46","-50.63"
"1674052328","-41.33","8.45","-50.60"
"1674052329","-41.27","8.45","-50.56"
"1674052330","-41.22","8.44","-50.53"
"1674052331","-41.16","8.43","-50.49"
"1674052332","-41.11","8.42","-50.46"
"1674052333","-41.05","8.41","-50.42"
"1674052334","-40.99","8.40","-50.38"
"1674052335","-40.94","8.39","-50.35"
"1674052336","-40.89","8.38","-50.31"
"1674052337","-40.84","8.37","-50.28"
"1674052338","-40.78","8.36","-50.24"
"1674052339","-40.74","8.36","-50.21"
"1674052340","-40.69","8.35","-50.17"
"1674052341","-40.64","8.34","-50.14"
"1674052342","-40.59","8.33","-50.10"
"1674052343","-40.55","8.32","-50.06"
"1674052344","-40.49","8.31","-50.03"
"1674052345","-40.45","8.30","-49.99"
"1674052346","-40.40","8.29","-49.95"
"1674052347","-40.36","8.29","-49.92"
"1674052348","-40.30","8.28","-49.88"
"1674052349","-40.26","8.27","-49.85"
"1674052350","-40.21","8.26","-49.81"
"1674052351","-40.17","8.26","-49.78"
"1674052352","-40.12","8.25","-49.74"
"1674052353","-40.08","8.24","-49.71"
"1674052354","-40.03","8.23","-49.67"
"1674052355","-39.97","8.22","-49.64"
"1674052356","-39.92","8.22","-49.60"
"1674052357","-39.87","8.21","-49.57"
"1674052358","-39.82","8.20","-49.53"
"1674052359","-39.77","8.20","-49.50"
"1674052360","-39.73","8.19","-49.47"
"1674052361","-39.68","8.18","-49.43"
"1674052362","-39.64","8.18","-49.40"
"1674052363","-39.59","8.17","-49.36"
"1674052364","-39.54","8.17","-49.33"
"1674052365","-39.49","8.16","-49.30"
"1674052366","-39.45","8.16","-49.26"
"1674052367","-39.40","8.16","-49.23"
"1674052368","-39.35","8.15","-49.20"
"1674052369","-39.30","8.15","-49.16"
"1674052370","-39.26","8.14","-49.14"
"1674052371","-39.21","8.14","-49.10"
"1674052372","-39.17","8.13","-49.07"
"1674052373","-39.12","8.12","-49.04"
"1674052374","-39.07","8.11","-49.00"
"1674052375","-39.03","8.11","-48.98"
"1674052376","-38.98","8.10","-48.94"
"1674052377","-38.93","8.09","-48.91"
"1674052378","-38.88","8.08","-48.88"
"1674052379","-38.83","8.08","-48.85"
"1674052380","-38.78","8.07","-48.82"
"1674052381","-38.74","8.07","-48.80"
"1674052382","-38.68","8.06","-48.77"
"1674052383","-38.64","8.06","-48.74"
"1674052384","-38.59","8.05","-48.71"
"1674052385","-38.55","8.04","-48.69"
"1674052386","-38.50","8.04","-48.66"
"1674052387","-38.46","8.03","-48.63"
"1674052388","-38.42","8.03","-48.61"
"1674052389","-38.38","8.02","-48.58"
"1674052390","-38.34","8.01","-48.56"
"1674052391","-38.30","8.01","-48.53"
"1674052392","-38.25","8.00","-48.51"
"1674052393","-38.21","8.00","-48.48"
"1674052394","-38.16","7.99","-48.46"
"1674052395","-38.11","7.98","-48.44"
"1674052396","-38.07","7.98","-48.42"
"1674052397","-38.02","7.97","-48.39"
"1674052398","-37.98","7.96","-48.38"
"1674052399","-37.94","7.96","-48.35"
"1674052400","-37.90","7.95","-48.34"
"1674052401","-37.85","7.94","-48.32"
"1674052402","-37.81","7.94","-48.30"
"1674052403","-37.76","7.93","-48.28"
"1674052404","-37.72","7.93","-48.27"
"1674052405","-37.68","7.92","-48.25"
"1674052406","-37.64","7.91","-48.24"
"1674052407","-37.59","7.91","-48.22"
"1674052408","-37.55","7.90","-48.21"
"1674052409","-37.50","7.89","-48.20"
"1674052410","-37.46","7.89","-48.19"
"1674052411","-37.41","7.88","-48.17"
"1674052412","-37.36","7.88","-48.16"
"1674052413","-37.32","7.87","-48.15"
"1674052414","-37.27","7.86","-48.14"
"1674052415","-37.23","7.86","-48.14"
"1674052416","-37.19","7.85","-48.13"
"1674052417","-37.15","7.84","-48.12"
"1674052418","-37.10","7.84","-48.12"
"1674052419","-37.06","7.83","-48.11"
"1674052420","-37.02","7.83","-48.11"
"1674052421","-36.98","7.82","-48.11"
"1674052422","-36.93","7.81","-48.10"
"1674052423","-36.88","7.81","-48.10"
"1674052424","-36.85","7.80","-48.10"
"1674052425","-36.81","7.79","-48.10"
"1674052426","-36.76","7.79","-48.10"
"1674052427","-36.73","7.78","-48.11"
"1674052428","-36.68","7.78","-48.11"
"1674052429","-36.64","7.77","-48.11"
"1674052430","-36.60","7.76","-48.11"
"1674052431","-36.56","7.76","-48.12"
"1674052432","-36.52","7.75","-48.12"
"1674052433","-36.48","7.75","-48.12"
"1674052434","-36.44","7.74","-48.12"
"1674052435","-36.40","7.74","-48.12"
"1674052436","-36.36","7.73","-48.13"
"1674052437","-36.32","7.73","-48.13"
"1674052438","-36.28","7.72","-48.13"
"1674052439","-36.24","7.71","-48.12"
"1674052440","-36.20","7.71","-48.12"
"1674052441","-36.16","7.70","-48.11"
"1674052442","-36.12","7.70","-48.11"
"1674052443","-36.07","7.69","-48.10"
"1674052444","-36.03","7.69","-48.09"
"1674052445","-35.98","7.68","-48.08"
"1674052446","-35.94","7.68","-48.07"
"1674052447","-35.90","7.68","-48.05"
"1674052448","-35.86","7.67","-48.04"
"1674052449","-35.81","7.67","-48.02"
"1674052450","-35.77","7.67","-48.00"
"1674052451","-35.73","7.66","-47.97"
"1674052452","-35.70","7.66","-47.94"
"1674052453","-35.66","7.66","-47.92"
"1674052454","-35.62","7.66","-47.88"
"1674052455","-35.59","7.65","-47.86"
"1674052456","-35.56","7.65","-47.82"
"1674052457","-35.53","7.65","-47.79"
"1674052458","-35.49","7.65","-47.75"
"1674052459","-35.46","7.64","-47.71"
"1674052460","-35.43","7.64","-47.67"
"1674052461","-35.39","7.64","-47.63"
"1674052462","-35.36","7.64","-47.59"
"1674052463","-35.32","7.64","-47.55"
"1674052464","-35.28","7.64","-47.50"
"1674052465","-35.25","7.64","-47.46"
"1674052466","-35.21","7.64","-47.40"
"1674052467","-35.18","7.63","-47.36"
"1674052468","-35.14","7.63","-47.31"
"1674052469","-35.10","7.63","-47.26"
"1674052470","-35.06","7.63","-47.20"
"1674052471","-35.03","7.63","-47.16"
"1674052472","-34.98","7.63","-47.10"
"1674052473","-34.94","7.63","-47.04"
"1674052474","-34.91","7.63","-46.99"
"1674052475","-34.87","7.63","-46.93"
"1674052476","-34.84","7.63","-46.89"
"1674052477","-34.80","7.62","-46.84"
"1674052478","-34.76","7.62","-46.77"
"1674052479","-34.71","7.61","-46.72"
"1674052480","-34.67","7.61","-46.66"
"1674052481","-34.63","7.60","-46.61"
"1674052482","-34.59","7.60","-46.55"
"1674052483","-34.54","7.61","-46.48"
"1674052484","-34.51","7.62","-46.42"
"1674052485","-34.46","7.62","-46.35"
"1674052486","-34.43","7.62","-46.30"
"1674052487","-34.39","7.62","-46.23"
"1674052488","-34.35","7.62","-46.18"
"1674052489","-34.31","7.62","-46.11"
"1674052490","-34.27","7.62","-46.05"
"1674052491","-34.22","7.61","-45.99"
"1674052492","-34.18","7.63","-45.91"
"1674052493","-34.14","7.63","-45.85"
"1674052494","-34.10","7.62","-45.80"
"1674052495","-34.06","7.62","-45.74"
"1674052496","-34.02","7.60","-45.69"
"1674052497","-33.99","7.61","-45.62"
"1674052498","-33.97","7.52","-45.61"
"1674052499","-33.94","7.52","-45.43"
"1674052500","-33.90","9.12","-45.40"
"1674052501","-33.88","9.38","-45.28"
"1674052502","-33.85","9.27","-45.25"
"1674052503","-33.82","9.17","-45.21"
"1674052504","-33.79","9.11","-45.15"
"1674052505","-33.75","9.06","-45.10"
"1674052506","-33.72","8.99","-45.04"
"1674052507","-33.70","8.95","-44.99"
"1674052508","-33.67","8.90","-44.92"
"1674052509","-33.64","8.87","-44.87"
"1674052510","-33.60","8.83","-44.80"
"1674052511","-33.56","7.23","-44.74"
"1674052512","-33.52","7.12","-44.68"
"1674052513","-33.47","7.42","-44.62"
"1674052514","-33.43","7.52","-44.56"
"1674052515","-33.38","7.64","-44.49"
"1674052516","-33.34","7.71","-44.44"
"1674052517","-33.29","7.77","-44.37"
"1674052518","-33.24","7.80","-44.32"
"1674052519","-33.19","7.84","-44.25"
"1674052520","-33.13","7.86","-44.20"
"1674052521","-33.09","7.90","-44.13"
"1674052522","-33.04","7.93","-44.07"
"1674052523","-32.99","7.97","-44.01"
"1674052524","-32.95","8.00","-43.95"
"1674052525","-32.90","7.99","-43.89"
"1674052526","-32.86","8.00","-43.83"
"1674052527","-32.82","8.02","-43.77"
"1674052528","-32.79","8.03","-43.71"
"1674052529","-32.75","8.05","-43.65"
"1674052530","-32.71","8.07","-43.60"
"1674052531","-32.68","8.05","-43.53"
"1674052532","-32.64","8.06","-43.46"
"1674052533","-32.61","8.07","-43.41"
"1674052534","-32.57","8.08","-43.35"
"1674052535","-32.54","8.09","-43.29"
"1674052536","-32.51","8.11","-43.23"
"1674052537","-32.48","8.12","-43.18"
"1674052538","-32.45","8.12","-43.11"
"1674052539","-32.42","8.10","-43.05"
"1674052540","-32.39","8.11","-42.99"
"1674052541","-32.36","8.13","-42.94"
"1674052542","-32.33","8.14","-42.87"
"1674052543","-32.30","8.13","-42.82"
"1674052544","-32.26","8.14","-42.75"
"1674052545","-32.24","8.15","-42.70"
"1674052546","-32.20","8.17","-42.64"
"1674052547","-32.18","8.17","-42.58"
"1674052548","-32.14","8.16","-42.52"
"1674052549","-32.12","8.17","-42.46"
"1674052550","-32.09","8.18","-42.40"
"1674052551","-32.06","8.19","-42.33"
"1674052552","-32.03","8.20","-42.28"
"1674052553","-32.00","8.18","-42.22"
"1674052554","-31.97","8.19","-42.16"
"1674052555","-31.94","8.19","-42.10"
"1674052556","-31.91","8.20","-42.05"
"1674052557","-31.88","8.20","-41.99"
"1674052558","-31.85","8.21","-41.93"
"1674052559","-31.83","8.21","-41.87"
"1674052560","-31.80","8.22","-41.81"
"1674052561","-31.77","8.23","-41.75"
"1674052562","-31.74","8.23","-41.70"
"1674052563","-31.71","8.23","-41.63"
"1674052564","-31.68","8.24","-41.58"
"1674052565","-31.64","8.24","-41.51"
"1674052566","-31.61","8.21","-41.46"
"1674052567","-31.57","8.19","-41.40"
"1674052568","-31.53","8.19","-41.35"
"1674052569","-31.49","8.20","-41.28"
"1674052570","-31.45","8.20","-41.22"
"1674052571","-31.42","8.20","-41.17"
"1674052572","-31.37","8.21","-41.10"
"1674052573","-31.34","8.21","-41.05"
"1674052574","-31.30","8.21","-40.98"
"1674052575","-31.27","8.22","-40.93"
"1674052576","-31.23","8.22","-40.87"
"1674052577","-31.20","8.22","-40.81"
"1674052578","-31.16","8.23","-40.75"
"1674052579","-31.13","8.24","-40.70"
"1674052580","-31.09","8.25","-40.63"
"1674052581","-31.06","8.24","-40.58"
"1674052582","-31.02","8.21","-40.51"
"1674052583","-30.99","8.21","-40.46"
"1674052584","-30.95","8.24","-40.38"
"1674052585","-30.92","8.24","-40.34"
"1674052586","-30.88","8.25","-40.28"
"1674052587","-30.85","8.25","-40.22"
"1674052588","-30.81","8.22","-40.16"
"1674052589","-30.78","8.22","-40.10"
"1674052590","-30.74","8.22","-40.04"
"1674052591","-30.71","8.22","-39.98"
"1674052592","-30.68","8.22","-39.92"
"1674052593","-30.64","8.23","-39.85"
"1674052594","-30.61","8.22","-39.80"
"1674052595","-30.57","8.23","-39.73"
"1674052596","-30.54","8.24","-39.67"
"1674052597","-30.50","8.24","-39.61"
"1674052598","-30.47","8.23","-39.55"
"1674052599","-30.44","8.25","-39.48"
"1674052600","-30.41","8.26","-39.43"
"1674052601","-30.36","8.27","-39.36"
"1674052602","-30.33","8.27","-39.31"
"1674052603","-30.28","8.27","-39.24"
"1674052604","-30.25","8.27","-39.19"
"1674052605","-30.20","8.27","-39.12"
"1674052606","-30.17","8.27","-39.06"
"1674052607","-30.13","8.27","-39.00"
"1674052608","-30.10","8.27","-38.94"
"1674052609","-30.07","8.27","-38.88"
"1674052610","-30.04","8.26","-38.81"
"1674052611","-30.02","8.26","-38.76"
"1674052612","-29.99","8.27","-38.69"
"1674052613","-29.96","8.27","-38.64"
"1674052614","-29.94","8.28","-38.57"
"1674052615","-29.91","8.27","-38.51"
"1674052616","-29.88","8.22","-38.45"
"1674052617","-29.85","8.22","-38.39"
"1674052618","-29.82","8.22","-38.33"
"1674052619","-29.79","8.22","-38.27"
"1674052620","-29.75","8.22","-38.21"
"1674052621","-29.72","8.22","-38.15"
"1674052622","-29.69","8.22","-38.08"
"1674052623","-29.66","8.22","-38.03"
"1674052624","-29.63","8.22","-37.96"
"1674052625","-29.61","8.22","-37.91"
"1674052626","-29.59","8.22","-37.84"
"1674052627","-29.56","8.23","-37.79"
"1674052628","-29.53","8.24","-37.72"
"1674052629","-29.51","8.25","-37.67"
"1674052630","-29.48","8.25","-37.61"
"1674052631","-29.45","8.26","-37.54"
"1674052632","-29.42","8.27","-37.49"
"1674052633","-29.39","8.27","-37.42"
"1674052634","-29.36","8.25","-37.37"
"1674052635","-29.33","8.22","-37.30"
"1674052636","-29.30","8.23","-37.25"
"1674052637","-29.27","8.23","-37.19"
"1674052638","-29.25","8.23","-37.14"
"1674052639","-29.22","8.24","-37.07"
"1674052640","-29.19","8.24","-37.02"
"1674052641","-29.16","8.25","-36.95"
"1674052642","-29.13","8.26","-36.89"
"1674052643","-29.10","8.24","-36.79"
"1674052644","-29.02","8.38","-36.83"
"1674052645","-29.03","8.99","-36.76"
"1674052646","-29.05","9.39","-36.69"
"1674052647","-29.01","9.55","-36.66"
"1674052648","-29.01","9.66","-36.57"
"1674052649","-28.98","9.64","-36.54"
"1674052650","-28.95","9.61","-36.47"
"1674052651","-28.91","9.55","-36.42"
"1674052652","-28.88","9.50","-36.35"
"1674052653","-28.85","9.45","-36.29"
"1674052654","-28.81","9.39","-36.23"
"1674052655","-28.78","9.33","-36.17"
"1674052656","-28.75","9.26","-36.11"
"1674052657","-28.73","9.21","-36.06"
"1674052658","-28.70","9.15","-36.00"
"1674052659","-28.67","9.11","-35.95"
"1674052660","-28.62","9.05","-35.89"
"1674052661","-28.59","9.01","-35.84"
"1674052662","-28.56","8.99","-35.76"
"1674052663","-28.52","8.94","-35.73"
"1674052664","-28.48","8.90","-35.68"
"1674052665","-28.45","8.87","-35.63"
"1674052666","-28.41","8.85","-35.56"
"1674052667","-28.39","8.83","-35.50"
"1674052668","-28.36","8.80","-35.44"
"1674052669","-28.33","8.77","-35.39"
"1674052670","-28.31","8.75","-35.33"
"1674052671","-28.28","8.72","-35.28"
"1674052672","-28.26","8.71","-35.23"
"1674052673","-28.24","8.68","-35.18"
"1674052674","-28.22","8.68","-35.13"
"1674052675","-28.19","8.67","-35.07"
"1674052676","-28.16","8.65","-35.02"
"1674052677","-28.14","8.64","-34.97"
"1674052678","-28.11","8.62","-34.92"
"1674052679","-28.08","8.61","-34.86"
"1674052680","-28.05","8.60","-34.81"
"1674052681","-28.02","8.59","-34.76"
"1674052682","-28.00","8.58","-34.71"
"1674052683","-27.97","8.57","-34.66"
"1674052684","-27.94","8.56","-34.61"
"1674052685","-27.91","8.55","-34.55"
"1674052686","-27.88","8.54","-34.51"
"1674052687","-27.85","8.53","-34.45"
"1674052688","-27.82","8.52","-34.41"
"1674052689","-27.79","8.51","-34.35"
"1674052690","-27.76","8.50","-34.30"
"1674052691","-27.74","8.50","-34.25"
"1674052692","-27.71","8.49","-34.20"
"1674052693","-27.69","8.48","-34.15"
"1674052694","-27.66","8.47","-34.10"
"1674052695","-27.64","8.46","-34.05"
"1674052696","-27.60","8.45","-34.00"
"1674052697","-27.58","8.45","-33.95"
"1674052698","-27.54","8.44","-33.90"
"1674052699","-27.51","8.43","-33.86"
"1674052700","-27.48","8.42","-33.80"
"1674052701","-27.45","8.41","-33.76"
"1674052702","-27.42","8.41","-33.70"
"1674052703","-27.39","8.40","-33.66"
"1674052704","-27.35","8.39","-33.61"
"1674052705","-27.32","8.38","-33.56"
"1674052706","-27.29","8.38","-33.51"
"1674052707","-27.26","8.37","-33.47"
"1674052708","-27.22","8.36","-33.41"
"1674052709","-27.19","8.35","-33.36"
"1674052710","-27.16","8.35","-33.32"
"1674052711","-27.12","8.34","-33.27"
"1674052712","-27.10","8.34","-33.22"
"1674052713","-27.07","8.33","-33.17"
"1674052714","-27.04","8.32","-33.13"
"1674052715","-27.01","8.32","-33.08"
"1674052716","-26.98","8.31","-33.04"
"1674052717","-26.95","8.30","-32.99"
"1674052718","-26.92","8.31","-32.93"
"1674052719","-26.89","8.29","-32.89"
"1674052720","-26.87","8.29","-32.86"
"1674052721","-26.84","8.27","-32.81"
"1674052722","-26.82","8.25","-32.81"
"1674052723","-26.80","8.29","-32.70"
"1674052724","-26.78","8.27","-32.68"
"1674052725","-26.74","8.26","-32.62"
"1674052726","-26.72","8.26","-32.57"
"1674052727","-26.69","8.25","-32.53"
"1674052728","-26.66","8.24","-32.48"
"1674052729","-26.64","8.24","-32.44"
"1674052730","-26.61","8.24","-32.39"
"1674052731","-26.58","8.24","-32.36"
"1674052732","-26.55","8.24","-32.31"
"1674052733","-26.53","8.24","-32.27"
"1674052734","-26.49","8.24","-32.22"
"1674052735","-26.45","8.22","-32.19"
"1674052736","-26.42","8.21","-32.14"
"1674052737","-26.40","8.20","-32.10"
"1674052738","-26.37","8.20","-32.05"
"1674052739","-26.35","8.20","-32.01"
"1674052740","-26.32","8.19","-31.96"
"1674052741","-26.30","8.19","-31.92"
"1674052742","-26.26","8.18","-31.87"
"1674052743","-26.24","8.17","-31.83"
"1674052744","-26.21","8.17","-31.78"
"1674052745","-26.19","8.16","-31.74"
"1674052746","-26.15","8.16","-31.69"
"1674052747","-26.14","8.15","-31.65"
"1674052748","-26.11","8.14","-31.60"
"1674052749","-26.09","8.14","-31.55"
"1674052750","-26.06","8.13","-31.51"
"1674052751","-26.04","8.12","-31.46"
"1674052752","-26.02","8.11","-31.43"
"1674052753","-25.99","8.11","-31.38"
"1674052754","-25.97","8.10","-31.34"
"1674052755","-25.94","8.09","-31.29"
"1674052756","-25.91","8.08","-31.25"
"1674052757","-25.90","8.07","-31.21"
"1674052758","-25.87","8.06","-31.17"
"1674052759","-25.84","8.05","-31.12"
"1674052760","-25.82","8.05","-31.08"
"1674052761","-25.79","8.04","-31.03"
"1674052762","-25.78","8.03","-30.99"
"1674052763","-25.76","8.03","-30.94"
"1674052764","-25.75","8.03","-30.90"
"1674052765","-25.79","8.01","-30.88"
"1674052766","-25.62","7.89","-30.64"
"1674052767","-36.80","8.92","-30.45"
"1674052768","-42.14","16.50","-30.70"
"1674052769","-38.28","18.41","-30.33"
"1674052770","-34.64","19.30","-31.22"
"1674052771","-33.53","17.81","-33.15"
"1674052772","-33.13","15.14","-33.15"
"1674052773","-33.09","13.93","-32.11"
"1674052774","-32.86","13.15","-31.58"
"1674052775","-32.41","12.58","-31.19"
"1674052776","-31.85","12.00","-31.35"
"1674052777","-31.18","11.53","-31.01"
"1674052778","-30.67","10.66","-31.13"
"1674052779","-31.31","9.87","-30.84"
"1674052780","-65.57","9.92","-30.43"
"1674052781","-71.13","11.34","-30.53"
"1674052782","-33.88","12.13","1.45"
"1674052783","-27.30","12.06","1.10"
"1674052784","-26.09","8.93","0.82"
"1674052785","-25.16","6.87","0.52"
"1674052786","-27.66","5.05","-1.66"
"1674052787","-36.98","3.91","-32.51"
"1674052788","-58.09","27.04","23.98"
"1674052789","-57.87","34.13","34.10"
"1674052790","-83.21","35.07","6.15"
"1674052791","-108.42","35.77","0.07"
"1674052792","-111.61","36.36","4.27"
"1674052793","-105.25","35.42","-5.83"
"1674052794","-98.40","33.69","-0.39"
"1674052795","-84.74","32.49","-4.49"
"1674052796","-78.65","31.57","-1.37"
"1674052797","-74.74","30.71","-8.72"
"1674052798","-70.07","30.07","-38.84"
"1674052799","-66.06","29.35","14.78"
"1674052800","-63.48","28.79","23.30"
"1674052801","-60.99","28.17","15.69"
"1674052802","-59.25","27.66","22.30"
"1674052803","-57.46","27.07","15.49"
"1674052804","-56.16","26.60","11.86"
"1674052805","-54.77","26.02","-2.75"
"1674052806","-53.71","25.60","-1.32"
"1674052807","-52.53","25.09","-0.25"
"1674052808","-51.36","24.60","0.36"
"1674052809","-50.58","24.41","1.22"
"1674052810","-49.76","23.85","0.27"
"1674052811","-49.12","23.46","0.38"
"1674052812","-48.40","23.03","0.20"
"1674052813","-47.86","22.69","8.40"
"1674052814","-47.19","22.30","15.65"
"1674052815","-46.57","21.99","9.59"
"1674052816","-45.87","21.63","3.10"
"1674052817","-45.42","21.35","8.24"
"1674052818","-44.86","21.15","8.39"
"1674052819","-44.45","20.92","7.26"
"1674052820","-44.04","20.61","16.01"
"1674052821","-43.68","20.38","24.37"
"1674052822","-43.36","20.12","30.28"
"1674052823","-43.12","19.91","33.59"
"1674052824","-42.87","19.68","33.26"
"1674052825","-42.68","19.49","32.28"
"1674052826","-42.46","19.28","30.93"
"1674052827","-42.27","19.08","29.58"
"1674052828","-42.12","18.91","28.49"
"1674052829","-41.96","18.72","27.26"
"1674052830","-41.84","18.57","26.30"
"1674052831","-41.70","18.40","25.21"
"1674052832","-41.60","18.27","24.36"
"1674052833","-41.48","18.11","23.38"
"1674052834","-41.40","17.98","22.62"
"1674052835","-41.30","17.85","21.77"
"1674052836","-41.23","17.73","21.10"
"1674052837","-41.18","17.59","20.32"
"1674052838","-41.12","17.49","19.71"
"1674052839","-41.07","17.38","19.02"
"1674052840","-41.02","17.28","18.46"
"1674052841","-41.09","17.18","17.83"
"1674052842","-41.10","17.09","17.32"
"1674052843","-41.29","17.00","16.74"
"1674052844","-41.59","16.93","16.28"
"1674052845","-41.87","16.84","15.74"
"1674052846","-42.00","16.77","15.30"
"1674052847","-42.20","16.71","14.81"
"1674052848","-42.50","16.63","14.32"
"1674052849","-42.71","16.57","13.93"
"1674052850","-42.83","16.50","13.47"
"1674052851","-42.86","16.45","13.10"
"1674052852","-43.06","16.39","12.66"
"1674052853","-43.15","16.34","12.31"
"1674052854","-43.29","16.28","11.90"
"1674052855","-43.27","16.24","11.57"
"1674052856","-43.26","16.19","11.17"
"1674052857","-43.30","16.15","10.85"
"1674052858","-43.32","16.11","10.48"
"1674052859","-43.35","16.07","10.18"
"1674052860","-43.42","16.04","9.82"
"1674052861","-43.41","16.01","9.53"
"1674052862","-43.38","15.97","9.19"
"1674052863","-43.36","15.94","8.90"
"1674052864","-43.31","15.90","8.56"
"1674052865","-43.27","15.87","8.29"
"1674052866","-43.22","15.83","7.97"
"1674052867","-43.17","15.80","7.66"
"1674052868","-43.13","15.77","7.40"
"1674052869","-43.10","15.75","7.10"
"1674052870","-43.07","15.72","6.86"
"1674052871","-43.03","15.70","6.57"
"1674052872","-43.01","15.68","6.33"
"1674052873","-42.98","15.65","6.05"
"1674052874","-42.96","15.64","5.83"
"1674052875","-43.00","15.61","5.56"
"1674052876","-43.00","15.60","5.34"
"1674052877","-42.99","15.58","5.09"
"1674052878","-42.97","15.57","4.87"
"1674052879","-42.94","15.55","4.62"
"1674052880","-42.91","15.54","4.42"
"1674052881","-42.87","15.52","4.18"
"1674052882","-42.84","15.51","3.98"
"1674052883","-42.80","15.50","3.74"
"1674052884","-42.76","15.49","3.55"
"1674052885","-42.72","15.48","3.33"
"1674052886","-42.67","15.47","3.10"
"1674052887","-42.63","15.46","2.92"
"1674052888","-42.58","15.45","2.70"
"1674052889","-42.54","15.45","2.52"
"1674052890","-42.48","15.44","2.31"
"1674052891","-42.44","15.43","2.14"
"1674052892","-42.38","15.43","1.94"
"1674052893","-42.34","15.42","1.77"
"1674052894","-42.28","15.42","1.57"
"1674052895","-42.23","15.41","1.41"
"1674052896","-42.17","15.40","1.21"
"1674052897","-42.13","15.40","1.05"
"1674052898","-42.07","15.39","0.87"
"1674052899","-42.03","15.39","0.71"
"1674052900","-42.01","15.39","0.53"
"1674052901","-42.16","15.38","0.39"
"1674052902","-42.23","15.38","0.22"
"1674052903","-42.37","15.38","0.08"
"1674052904","-42.60","15.38","-0.09"
"1674052905","-42.73","15.38","-0.22"
"1674052906","-42.76","15.38","-0.38"
"1674052907","-42.78","15.38","-0.54"
"1674052908","-42.80","15.39","-0.67"
"1674052909","-42.74","15.39","-0.82"
"1674052910","-42.65","15.39","-0.96"
"1674052911","-42.55","15.39","-1.12"
"1674052912","-42.47","15.39","-1.25"
"1674052913","-42.38","15.39","-1.41"
"1674052914","-42.33","15.38","-1.54"
"1674052915","-42.26","15.38","-1.69"
"1674052916","-42.21","15.38","-1.82"
"1674052917","-42.16","15.38","-1.97"
"1674052918","-42.12","15.38","-2.09"
"1674052919","-42.08","15.37","-2.23"
"1674052920","-42.05","15.37","-2.35"
"1674052921","-42.01","15.37","-2.49"
"1674052922","-41.99","15.37","-2.60"
"1674052923","-41.96","15.37","-2.75"
"1674052924","-41.93","15.37","-2.86"
"1674052925","-41.91","15.38","-2.99"
"1674052926","-41.89","15.36","-3.12"
"1674052927","-41.88","15.37","-3.23"
"1674052928","-41.86","15.37","-3.36"
"1674052929","-41.83","15.37","-3.46"
"1674052930","-41.80","15.37","-3.59"
"1674052931","-41.77","15.37","-3.69"
"1674052932","-41.73","15.38","-3.81"
"1674052933","-41.70","15.38","-3.91"
"1674052934","-41.65","15.38","-4.03"
"1674052935","-41.61","15.38","-4.13"
"1674052936","-41.56","15.39","-4.25"
"1674052937","-41.52","15.39","-4.34"
"1674052938","-41.47","15.39","-4.46"
"1674052939","-41.42","15.39","-4.55"
"1674052940","-41.36","15.40","-4.66"
"1674052941","-41.31","15.40","-4.75"
"1674052942","-41.25","15.40","-4.86"
"1674052943","-41.20","15.41","-4.95"
"1674052944","-41.14","15.41","-5.05"
"1674052945","-41.08","15.42","-5.15"
"1674052946","-41.03","15.42","-5.24"
"1674052947","-40.97","15.42","-5.34"
"1674052948","-40.91","15.43","-5.43"
"1674052949","-40.85","15.43","-5.53"
"1674052950","-40.80","15.44","-5.61"
"1674052951","-40.73","15.44","-5.70"
"1674052952","-40.68","15.45","-5.78"
"1674052953","-40.61","15.45","-5.88"
"1674052954","-40.56","15.46","-5.95"
"1674052955","-40.50","15.46","-6.05"
"1674052956","-40.45","15.47","-6.12"
"1674052957","-40.39","15.48","-6.21"
"1674052958","-40.33","15.48","-6.29"
"1674052959","-40.27","15.49","-6.38"
"1674052960","-40.23","15.50","-6.45"
"1674052961","-40.17","15.50","-6.54"
"1674052962","-40.12","15.51","-6.61"
"1674052963","-40.07","15.52","-6.69"
"1674052964","-40.03","15.52","-6.76"
"1674052965","-39.98","15.53","-6.84"
"1674052966","-39.93","15.54","-6.92"
"1674052967","-39.89","15.54","-6.99"
"1674052968","-39.84","15.55","-7.07"
"1674052969","-39.81","15.56","-7.13"
"1674052970","-39.77","15.57","-7.21"
"1674052971","-39.73","15.57","-7.27"
"1674052972","-39.70","15.58","-7.35"
"1674052973","-39.67","15.59","-7.42"
"1674052974","-39.63","15.59","-7.49"
"1674052975","-39.61","15.60","-7.55"
"1674052976","-39.58","15.61","-7.62"
"1674052977","-39.55","15.61","-7.68"
"1674052978","-39.52","15.62","-7.75"
"1674052979","-39.50","15.63","-7.81"
"1674052980","-39.47","15.64","-7.88"
"1674052981","-39.45","15.64","-7.94"
"1674052982","-39.42","15.65","-8.01"
"1674052983","-39.40","15.66","-8.06"
"1674052984","-39.38","15.67","-8.13"
"1674052985","-39.35","15.67","-8.19"
"1674052986","-39.33","15.68","-8.25"
"1674052987","-39.31","15.69","-8.31"
"1674052988","-39.29","15.70","-8.37"
"1674052989","-39.27","15.71","-8.43"
"1674052990","-39.25","15.71","-8.48"
"1674052991","-39.24","15.72","-8.54"
"1674052992","-39.22","15.73","-8.60"
"1674052993","-39.21","15.74","-8.66"
"1674052994","-39.19","15.74","-8.71"
"1674052995","-39.18","15.75","-8.76"
"1674052996","-39.17","15.76","-8.81"
"1674052997","-39.16","15.77","-8.87"
"1674052998","-39.15","15.78","-8.92"
"1674052999","-39.14","15.78","-8.98"
"1674053000","-39.14","15.79","-9.03"
"1674053001","-39.13","15.80","-9.08"
"1674053002","-39.13","15.81","-9.13"
"1674053003","-39.12","15.82","-9.18"
"1674053004","-39.12","15.83","-9.23"
"1674053005","-39.11","15.84","-9.28"
"1674053006","-39.11","15.85","-9.33"
"1674053007","-39.11","15.86","-9.38"
"1674053008","-39.10","15.87","-9.43"
"1674053009","-39.10","15.88","-9.47"
"1674053010","-39.10","15.89","-9.52"
"1674053011","-39.10","15.89","-9.56"
"1674053012","-39.10","15.90","-9.61"
"1674053013","-39.10","15.91","-9.65"
"1674053014","-39.11","15.92","-9.70"
"1674053015","-39.11","15.93","-9.74"
"1674053016","-39.11","15.94","-9.79"
"1674053017","-39.11","15.95","-9.82"
"1674053018","-39.12","15.96","-9.87"
"1674053019","-39.13","15.97","-9.91"
"1674053020","-39.13","15.96","-9.99"
"1674053021","-39.13","15.99","-9.98"
"1674053022","-39.13","15.99","-10.03"
"1674053023","-39.14","16.00","-10.08"
"1674053024","-39.16","16.00","-10.12"
"1674053025","-39.18","16.01","-10.17"
"1674053026","-39.21","16.03","-10.19"
"1674053027","-39.27","16.04","-10.23"
"1674053028","-39.34","16.05","-10.26"
"1674053029","-39.41","16.07","-10.30"
"1674053030","-39.46","16.08","-10.33"
"1674053031","-39.54","16.09","-10.37"
"1674053032","-39.61","16.10","-10.40"
"1674053033","-39.73","16.11","-10.44"
"1674053034","-39.79","16.12","-10.48"
"1674053035","-39.88","16.13","-10.52"
"1674053036","-39.95","16.14","-10.55"
"1674053037","-40.03","16.17","-10.57"
"1674053038","-40.06","16.18","-10.61"
"1674053039","-40.07","16.19","-10.65"
"1674053040","-40.07","16.18","-10.70"
"1674053041","-40.07","16.19","-10.77"
"1674053042","-40.06","16.17","-10.80"
"1674053043","-41.28","16.28","-10.72"
"1674053044","-33.39","16.27","-10.78"
"1674053045","-23.51","16.28","-10.79"
"1674053046","-20.48","16.29","-10.81"
"1674053047","-19.93","16.30","-10.86"
"1674053048","-19.72","16.30","-10.91"
"1674053049","-19.71","16.30","-10.95"
"1674053050","-19.82","16.32","-10.98"
"1674053051","-19.98","16.33","-11.01"
"1674053052","-20.25","16.34","-11.04"
"1674053053","-20.51","16.35","-11.07"
"1674053054","-20.85","16.36","-11.10"
"1674053055","-21.14","16.36","-11.13"
"1674053056","-21.49","16.37","-11.16"
"1674053057","-21.79","16.38","-11.19"
"1674053058","-22.14","16.39","-11.22"
"1674053059","-22.43","16.40","-11.24"
"1674053060","-22.77","16.41","-11.27"
"1674053061","-23.05","16.42","-11.29"
"1674053062","-23.39","16.43","-11.32"
"1674053063","-23.66","16.44","-11.34"
"1674053064","-23.98","16.45","-11.36"
"1674053065","-24.30","16.46","-11.39"
"1674053066","-24.55","16.47","-11.41"
"1674053067","-24.86","16.48","-11.44"
"1674053068","-25.11","16.49","-11.46"
"1674053069","-25.41","16.50","-11.48"
"1674053070","-25.65","16.51","-11.50"
"1674053071","-25.92","16.52","-11.53"
"1674053072","-26.15","16.52","-11.55"
"1674053073","-26.40","16.53","-11.57"
"1674053074","-26.60","16.54","-11.59"
"1674053075","-26.83","16.55","-11.61"
"1674053076","-27.01","16.56","-11.63"
"1674053077","-27.22","16.57","-11.65"
"1674053078","-27.38","16.58","-11.67"
"1674053079","-27.57","16.59","-11.70"
"1674053080","-27.72","16.60","-11.71"
"1674053081","-27.89","16.61","-11.73"
"1674053082","-28.03","16.62","-11.75"
"1674053083","-28.20","16.63","-11.77"
"1674053084","-28.35","16.64","-11.79"
"1674053085","-28.48","16.64","-11.81"
"1674053086","-28.63","16.65","-11.83"
"1674053087","-28.75","16.66","-11.85"
"1674053088","-28.88","16.67","-11.87"
"1674053089","-29.00","16.68","-11.89"
"1674053090","-29.13","16.69","-11.91"
"1674053091","-29.23","16.70","-11.93"
"1674053092","-29.35","16.70","-11.95"
"1674053093","-29.45","16.71","-11.97"
"1674053094","-29.56","16.72","-11.98"
"1674053095","-29.65","16.73","-12.00"
"1674053096","-29.75","16.74","-12.01"
"1674053097","-29.83","16.75","-12.03"
"1674053098","-29.92","16.76","-12.04"
"1674053099","-29.99","16.76","-12.08"
"1674053100","-30.08","16.77","-12.08"
"1674053101","-30.14","16.78","-12.10"
"1674053102","-30.22","16.79","-12.12"
"1674053103","-30.29","16.80","-12.13"
"1674053104","-30.34","16.80","-12.15"
"1674053105","-30.41","16.81","-12.17"
"1674053106","-30.45","16.83","-12.17"
"1674053107","-30.51","16.83","-12.20"
"1674053108","-30.55","16.83","-12.21"
"1674053109","-30.60","16.84","-12.23"
"1674053110","-30.64","16.85","-12.24"
"1674053111","-30.69","16.86","-12.26"
"1674053112","-30.72","16.87","-12.27"
"1674053113","-30.76","16.87","-12.29"
"1674053114","-30.80","16.88","-12.29"
"1674053115","-30.84","16.89","-12.32"
"1674053116","-30.87","16.89","-12.33"
"1674053117","-30.91","16.90","-12.34"
"1674053118","-30.94","16.91","-12.35"
"1674053119","-30.96","16.91","-12.37"
"1674053120","-30.98","16.92","-12.38"
"1674053121","-31.02","16.93","-12.39"
"1674053122","-31.03","16.94","-12.40"
"1674053123","-31.05","16.94","-12.42"
"1674053124","-31.09","16.95","-12.44"
"1674053125","-31.10","16.95","-12.45"
"1674053126","-31.13","16.96","-12.46"
"1674053127","-31.15","16.97","-12.46"
"1674053128","-31.17","16.97","-12.48"
"1674053129","-31.20","16.99","-12.48"
"1674053130","-31.24","16.99","-12.50"
"1674053131","-31.27","17.00","-12.51"
"1674053132","-31.31","17.01","-12.52"
"1674053133","-31.33","17.01","-12.53"
"1674053134","-31.36","17.02","-12.54"
"1674053135","-31.39","17.03","-12.55"
"1674053136","-31.42","17.03","-12.57"
"1674053137","-31.44","17.04","-12.58"
"1674053138","-31.47","17.05","-12.59"
"1674053139","-31.51","17.06","-12.59"
"1674053140","-31.66","17.11","-12.55"
"1674053141","-31.78","17.18","-12.49"
"1674053142","-32.06","17.21","-12.51"
"1674053143","-31.68","17.20","-12.55"
"1674053144","-31.36","17.21","-12.51"
"1674053145","-30.94","17.21","-12.57"
"1674053146","-30.71","17.21","-12.81"
"1674053147","-30.69","17.21","-12.76"
"1674053148","-30.49","17.24","-12.57"
"1674053149","-30.42","17.20","-12.70"
"1674053150","-30.37","17.21","-12.68"
"1674053151","-30.31","17.21","-12.71"
"1674053152","-30.26","17.18","-12.74"
"1674053153","-30.22","17.21","-12.71"
"1674053154","-30.19","17.21","-12.71"
"1674053155","-30.16","17.21","-12.72"
"1674053156","-30.14","17.21","-12.72"
"1674053157","-30.13","17.22","-12.73"
"1674053158","-30.13","17.22","-12.73"
"1674053159","-30.15","17.22","-12.74"
"1674053160","-30.17","17.22","-12.75"
"1674053161","-30.22","17.23","-12.75"
"1674053162","-30.28","17.23","-12.76"
"1674053163","-30.33","17.23","-12.77"
"1674053164","-30.39","17.24","-12.77"
"1674053165","-30.43","17.24","-12.78"
"1674053166","-30.48","17.25","-12.78"
"1674053167","-30.51","17.24","-12.79"
"1674053168","-30.55","17.25","-12.80"
"1674053169","-30.58","17.25","-12.80"
"1674053170","-30.61","17.26","-12.81"
"1674053171","-30.64","17.26","-12.81"
"1674053172","-30.67","17.26","-12.82"
"1674053173","-30.69","17.27","-12.83"
"1674053174","-30.72","17.27","-12.83"
"1674053175","-30.74","17.27","-12.84"
"1674053176","-30.76","17.27","-12.86"
"1674053177","-30.78","17.30","-12.83"
"1674053178","-30.80","17.28","-12.87"
"1674053179","-30.81","17.29","-12.87"
"1674053180","-30.83","17.29","-12.87"
"1674053181","-30.84","17.30","-12.88"
"1674053182","-30.85","17.30","-12.89"
"1674053183","-30.87","17.31","-12.89"
"1674053184","-30.87","17.30","-12.90"
"1674053185","-30.90","17.31","-12.92"
"1674053186","-30.91","17.33","-12.90"
"1674053187","-30.92","17.32","-12.90"
"1674053188","-30.93","17.33","-12.91"
"1674053189","-30.94","17.33","-12.92"
"1674053190","-30.95","17.33","-12.93"
"1674053191","-30.97","17.33","-12.94"
"1674053192","-30.99","17.33","-12.94"
"1674053193","-31.01","17.34","-12.95"
"1674053194","-31.02","17.34","-12.96"
"1674053195","-31.04","17.34","-12.96"
"1674053196","-31.06","17.35","-12.96"
"1674053197","-31.08","17.36","-12.97"
"1674053198","-31.10","17.36","-12.97"
"1674053199","-31.11","17.36","-12.98"
"1674053200","-31.12","17.36","-12.98"
"1674053201","-31.14","17.36","-12.99"
"1674053202","-31.15","17.37","-12.99"
"1674053203","-31.16","17.37","-13.00"
"1674053204","-31.17","17.37","-13.00"
"1674053205","-31.19","17.38","-13.01"
"1674053206","-31.21","17.38","-13.01"
"1674053207","-31.24","17.39","-13.02"
"1674053208","-31.29","17.39","-13.02"
"1674053209","-31.32","17.40","-13.02"
"1674053210","-31.35","17.40","-13.03"
"1674053211","-31.37","17.41","-13.04"
"1674053212","-31.40","17.41","-13.04"
"1674053213","-31.42","17.41","-13.05"
"1674053214","-31.43","17.42","-13.05"
"1674053215","-31.45","17.42","-13.06"
"1674053216","-31.46","17.43","-13.07"
"1674053217","-31.46","17.43","-13.07"
"1674053218","-31.46","17.43","-13.08"
"1674053219","-31.46","17.43","-13.08"
"1674053220","-31.47","17.43","-13.09"
"1674053221","-31.47","17.44","-13.09"
"1674053222","-31.48","17.44","-13.10"
"1674053223","-31.49","17.44","-13.10"
"1674053224","-31.49","17.44","-13.11"
"1674053225","-31.50","17.45","-13.11"
"1674053226","-31.50","17.45","-13.12"
"1674053227","-31.51","17.45","-13.12"
"1674053228","-31.51","17.45","-13.13"
"1674053229","-31.52","17.46","-13.13"
"1674053230","-31.52","17.46","-13.13"
"1674053231","-31.53","17.46","-13.14"
"1674053232","-31.53","17.46","-13.15"
"1674053233","-31.54","17.46","-13.15"
"1674053234","-31.54","17.46","-13.15"
"1674053235","-31.55","17.46","-13.16"
"1674053236","-31.55","17.46","-13.16"
"1674053237","-31.56","17.47","-13.16"
"1674053238","-31.56","17.47","-13.17"
"1674053239","-31.56","17.46","-13.17"
"1674053240","-31.56","17.46","-13.18"
"1674053241","-31.57","17.46","-13.18"
"1674053242","-31.57","17.47","-13.18"
"1674053243","-31.57","17.47","-13.18"
"1674053244","-31.57","17.47","-13.18"
"1674053245","-31.57","17.47","-13.19"
"1674053246","-31.57","17.46","-13.20"
"1674053247","-31.56","17.46","-13.20"
"1674053248","-31.56","17.46","-13.20"
"1674053249","-31.57","17.46","-13.20"
"1674053250","-31.56","17.46","-13.20"
"1674053251","-31.56","17.46","-13.20"
"1674053252","-31.56","17.46","-13.20"
"1674053253","-31.56","17.46","-13.21"
"1674053254","-31.56","17.46","-13.21"
"1674053255","-31.56","17.46","-13.21"
"1674053256","-31.56","17.45","-13.23"
"1674053257","-31.56","17.45","-13.22"
"1674053258","-31.56","17.45","-13.23"
"1674053259","-31.56","17.45","-13.23"
"1674053260","-31.56","17.45","-13.23"
"1674053261","-31.56","17.45","-13.23"
"1674053262","-31.56","17.45","-13.23"
"1674053263","-31.56","17.45","-13.24"
"1674053264","-31.56","17.45","-13.24"
"1674053265","-31.57","17.44","-13.24"
"1674053266","-31.57","17.45","-13.24"
"1674053267","-31.57","17.44","-13.25"
"1674053268","-31.57","17.44","-13.25"
"1674053269","-31.58","17.44","-13.25"
"1674053270","-31.58","17.44","-13.25"
"1674053271","-31.58","17.42","-13.28"
"1674053272","-31.59","17.43","-13.26"
"1674053273","-31.59","17.42","-13.26"
"1674053274","-31.59","17.42","-13.26"
"1674053275","-31.60","17.42","-13.26"
"1674053276","-31.60","17.41","-13.27"
"1674053277","-31.61","17.43","-13.26"
"1674053278","-31.61","17.45","-13.22"
"1674053279","-31.61","17.41","-13.27"
"1674053280","-31.62","17.42","-13.26"
"1674053281","-31.66","17.42","-13.27"
"1674053282","-31.64","17.41","-13.28"
"1674053283","-31.71","17.42","-13.30"
"1674053284","-32.12","17.09","-13.38"
"1674053285","-41.00","11.66","-13.49"
"1674053286","-36.69","7.44","-13.25"
"1674053287","-34.09","6.34","-13.09"
"1674053288","-31.77","5.78","-13.01"
"1674053289","-29.79","4.33","-12.99"
"1674053290","-22.77","2.66","-10.35"
"1674053291","-18.89","2.14","-9.02"
"1674053292","-17.86","1.63","-7.63"
"1674053293","-14.08","1.50","-6.72"
"1674053294","-14.49","1.90","-5.87"
"1674053295","-16.23","2.16","-4.23"
"1674053296","-18.58","2.22","-2.59"
"1674053297","-20.02","2.18","-2.12"
"1674053298","-19.20","2.19","-1.63"
"1674053299","-18.15","1.75","-1.08"
"1674053300","-16.89","1.22","-1.06"
"1674053301","-15.94","0.65","-1.05"
"1674053302","-15.32","0.35","-0.81"
"1674053303","-14.67","0.17","-0.67"
"1674053304","-14.19","0.05","-0.65"
"1674053305","-13.69","-0.17","-0.64"
"1674053306","-13.30","-0.42","-0.68"
"1674053307","-12.85","-0.64","-0.63"
"1674053308","-12.52","-0.76","-0.58"
"1674053309","-12.18","-0.91","-0.59"
"1674053310","-11.97","-1.03","-0.60"
"1674053311","-11.78","-1.18","-0.53"
"1674053312","-11.60","-1.29","-0.60"
"1674053313","-11.45","-1.32","-0.03"
"1674053314","-11.15","-1.41","-0.46"
"1674053315","-11.00","-1.44","-0.57"
"1674053316","-10.78","-1.45","-0.57"
"1674053317","-10.29","-1.45","-0.54"
"1674053318","-9.51","-1.45","-0.51"
"1674053319","-7.01","-1.35","-0.51"
"1674053320","-5.86","-1.25","-0.55"
"1674053321","-1.99","-1.15","-0.53"
"1674053322","7.95","-0.97","-0.54"
"1674053323","5.93","-0.73","-0.44"
"1674053324","5.95","-0.53","-0.78"
"1674053325","5.40","-0.61","-35.39"
"1674053326","1.20","2.62","-26.13"
"1674053327","25.83","6.81","-22.08"
"1674053328","7.35","8.72","-18.85"
"1674053329","0.01","9.43","-16.89"
"1674053330","-6.13","9.92","-15.09"
"1674053331","-10.25","10.20","-13.92"
"1674053332","-13.80","10.44","-12.76"
"1674053333","-16.88","10.59","-12.00"
"1674053334","-19.66","10.73","-11.00"
"1674053335","-22.79","10.82","-10.35"
"1674053336","-24.41","10.91","-9.78"
"1674053337","-25.10","10.98","-9.35"
"1674053338","-25.81","11.03","-9.00"
"1674053339","-26.31","11.09","-8.75"
"1674053340","-26.81","11.14","-8.53"
"1674053341","-27.22","11.18","-8.34"
"1674053342","-27.50","11.21","-8.22"
"1674053343","-27.80","11.24","-8.10"
"1674053344","-28.00","11.27","-8.02"
"1674053345","-28.21","11.30","-7.95"
"1674053346","-28.36","11.32","-7.90"
"1674053347","-28.52","11.35","-7.86"
"1674053348","-28.63","11.37","-7.84"
"1674053349","-28.74","11.39","-7.83"
"1674053350","-28.82","11.40","-7.82"
"1674053351","-28.91","11.42","-7.82"
"1674053352","-28.97","11.44","-7.83"
"1674053353","-29.04","11.46","-7.85"
"1674053354","-29.10","11.48","-7.86"
"1674053355","-29.15","11.48","-7.90"
"1674053356","-29.19","11.50","-7.93"
"1674053357","-29.24","11.51","-7.97"
"1674053358","-29.28","11.51","-8.08"
"1674053359","-29.30","11.52","-8.05"
"1674053360","-29.34","11.54","-8.09"
"1674053361","-29.36","11.55","-8.13"
"1674053362","-29.39","11.58","-8.15"
"1674053363","-29.42","11.59","-8.18"
"1674053364","-29.44","11.59","-8.24"
"1674053365","-29.45","11.58","-8.31"
"1674053366","-29.48","11.60","-8.36"
"1674053367","-29.49","11.61","-8.41"
"1674053368","-29.51","11.61","-8.47"
"1674053369","-29.52","11.62","-8.52"
"1674053370","-29.54","11.63","-8.58"
"1674053371","-29.55","11.64","-8.63"
"1674053372","-29.56","11.65","-8.69"
"1674053373","-29.56","11.66","-8.73"
"1674053374","-29.57","11.66","-8.79"
"1674053375","-29.58","11.67","-8.85"
"1674053376","-29.58","11.67","-8.90"
"1674053377","-29.59","11.68","-8.95"
"1674053378","-29.59","11.68","-9.01"
"1674053379","-29.60","11.69","-9.06"
"1674053380","-29.60","11.69","-9.12"
"1674053381","-29.61","11.70","-9.17"
"1674053382","-29.61","11.70","-9.22"
"1674053383","-29.62","11.71","-9.28"
"1674053384","-29.63","11.71","-9.33"
"1674053385","-29.64","11.71","-9.38"
"1674053386","-29.65","11.72","-9.43"
"1674053387","-29.66","11.72","-9.48"
"1674053388","-29.67","11.73","-9.53"
"1674053389","-29.69","11.73","-9.58"
"1674053390","-29.70","11.74","-9.63"
"1674053391","-29.72","11.74","-9.68"
"1674053392","-29.73","11.74","-9.73"
"1674053393","-29.75","11.74","-9.78"
"1674053394","-29.76","11.75","-9.83"
"1674053395","-29.78","11.75","-9.88"
"1674053396","-29.80","11.75","-9.92"
"1674053397","-29.82","11.75","-9.98"
"1674053398","-29.84","11.76","-10.02"
"1674053399","-29.85","11.76","-10.07"
"1674053400","-29.87","11.76","-10.12"
"1674053401","-29.89","11.76","-10.16"
"1674053402","-29.91","11.76","-10.21"
"1674053403","-29.92","11.76","-10.25"
"1674053404","-29.94","11.76","-10.30"
"1674053405","-29.96","11.77","-10.34"
"1674053406","-29.98","11.77","-10.39"
"1674053407","-29.99","11.77","-10.43"
"1674053408","-30.01","11.77","-10.48"
"1674053409","-30.02","11.77","-10.52"
"1674053410","-30.04","11.77","-10.56"
"1674053411","-30.05","11.77","-10.59"
"1674053412","-30.06","11.77","-10.64"
"1674053413","-30.07","11.77","-10.68"
"1674053414","-30.08","11.77","-10.72"
"1674053415","-30.09","11.77","-10.76"
"1674053416","-30.10","11.76","-10.80"
"1674053417","-30.10","11.76","-10.85"
"1674053418","-30.11","11.76","-10.88"
"1674053419","-30.11","11.76","-10.92"
"1674053420","-30.12","11.76","-10.96"
"1674053421","-30.12","11.76","-11.00"
"1674053422","-30.13","11.76","-11.03"
"1674053423","-30.13","11.76","-11.07"
"1674053424","-30.13","11.75","-11.12"
"1674053425","-30.14","11.75","-11.14"
"1674053426","-30.14","11.75","-11.18"
"1674053427","-30.15","11.75","-11.21"
"1674053428","-30.15","11.75","-11.25"
"1674053429","-30.16","11.74","-11.29"
"1674053430","-30.17","11.74","-11.32"
"1674053431","-30.17","11.74","-11.35"
"1674053432","-30.18","11.74","-11.38"
"1674053433","-30.19","11.73","-11.42"
"1674053434","-30.20","11.73","-11.45"
"1674053435","-30.21","11.73","-11.49"
"1674053436","-30.22","11.73","-11.51"
"1674053437","-30.23","11.72","-11.55"
"1674053438","-30.24","11.72","-11.58"
"1674053439","-30.25","11.72","-11.61"
"1674053440","-30.26","11.71","-11.65"
"1674053441","-30.28","11.71","-11.68"
"1674053442","-30.29","11.71","-11.71"
"1674053443","-30.30","11.71","-11.73"
"1674053444","-30.31","11.70","-11.77"
"1674053445","-30.32","11.70","-11.80"
"1674053446","-30.33","11.70","-11.83"
"1674053447","-30.34","11.69","-11.85"
"1674053448","-30.36","11.69","-11.88"
"1674053449","-30.37","11.69","-11.91"
"1674053450","-30.38","11.69","-11.94"
"1674053451","-30.39","11.68","-11.97"
"1674053452","-30.40","11.68","-12.00"
"1674053453","-30.41","11.68","-12.02"
"1674053454","-30.43","11.67","-12.05"
"1674053455","-30.44","11.67","-12.07"
"1674053456","-30.45","11.67","-12.10"
"1674053457","-30.46","11.66","-12.13"
"1674053458","-30.48","11.66","-12.15"
"1674053459","-30.49","11.66","-12.18"
"1674053460","-30.50","11.65","-12.20"
"1674053461","-30.52","11.65","-12.23"
"1674053462","-30.53","11.65","-12.25"
"1674053463","-30.54","11.65","-12.28"
"1674053464","-30.56","11.64","-12.30"
"1674053465","-30.57","11.64","-12.33"
"1674053466","-30.58","11.64","-12.35"
"1674053467","-30.59","11.64","-12.38"
"1674053468","-30.60","11.63","-12.40"
"1674053469","-30.62","11.63","-12.42"
"1674053470","-30.62","11.63","-12.44"
"1674053471","-30.64","11.63","-12.47"
"1674053472","-30.64","11.63","-12.49"
"1674053473","-30.65","11.62","-12.51"
"1674053474","-30.66","11.62","-12.53"
"1674053475","-30.66","11.62","-12.56"
"1674053476","-30.67","11.62","-12.58"
"1674053477","-30.67","11.61","-12.60"
"1674053478","-30.68","11.61","-12.62"
"1674053479","-30.68","11.61","-12.64"
"1674053480","-30.68","11.61","-12.66"
"1674053481","-30.69","11.61","-12.68"
"1674053482","-30.69","11.61","-12.71"
"1674053483","-30.69","11.60","-12.73"
"1674053484","-30.69","11.60","-12.75"
"1674053485","-30.70","11.60","-12.76"
"1674053486","-30.70","11.60","-12.79"
"1674053487","-30.70","11.60","-12.80"
"1674053488","-30.70","11.60","-12.82"
"1674053489","-30.70","11.59","-12.84"
"1674053490","-30.70","11.59","-12.86"
"1674053491","-30.71","11.59","-12.88"
"1674053492","-30.71","11.59","-12.90"
"1674053493","-30.71","11.59","-12.92"
"1674053494","-30.71","11.58","-12.94"
"1674053495","-30.71","11.58","-12.95"
"1674053496","-30.71","11.58","-12.97"
"1674053497","-30.71","11.58","-12.99"
"1674053498","-30.71","11.58","-13.01"
"1674053499","-30.71","11.58","-13.03"
"1674053500","-30.71","11.58","-13.04"
"1674053501","-30.72","11.58","-13.06"
"1674053502","-30.72","11.57","-13.07"
"1674053503","-30.73","11.57","-13.09"
"1674053504","-30.73","11.57","-13.10"
"1674053505","-30.74","11.57","-13.12"
"1674053506","-30.75","11.57","-13.13"
"1674053507","-30.76","11.57","-13.15"
"1674053508","-30.77","11.57","-13.16"
"1674053509","-30.78","11.57","-13.18"
"1674053510","-30.78","11.56","-13.19"
"1674053511","-30.79","11.56","-13.20"
"1674053512","-30.80","11.56","-13.22"
"1674053513","-30.82","11.56","-13.23"
"1674053514","-30.83","11.56","-13.24"
"1674053515","-30.84","11.56","-13.26"
"1674053516","-30.85","11.56","-13.27"
"1674053517","-30.86","11.56","-13.28"
"1674053518","-30.87","11.55","-13.30"
"1674053519","-30.88","11.55","-13.31"
"1674053520","-30.89","11.55","-13.32"
"1674053521","-30.90","11.55","-13.34"
"1674053522","-30.91","11.55","-13.35"
"1674053523","-30.92","11.55","-13.36"
"1674053524","-30.93","11.54","-13.38"
"1674053525","-30.94","11.54","-13.39"
"1674053526","-30.95","11.54","-13.41"
"1674053527","-30.96","11.54","-13.42"
"1674053528","-30.98","11.54","-13.43"
"1674053529","-30.99","11.53","-13.45"
"1674053530","-31.00","11.53","-13.46"
"1674053531","-31.01","11.53","-13.47"
"1674053532","-31.02","11.53","-13.48"
"1674053533","-31.04","11.52","-13.50"
"1674053534","-31.05","11.52","-13.51"
"1674053535","-31.06","11.52","-13.52"
"1674053536","-31.07","11.52","-13.53"
"1674053537","-31.09","11.51","-13.55"
"1674053538","-31.10","11.51","-13.56"
"1674053539","-31.12","11.51","-13.57"
"1674053540","-31.13","11.51","-13.58"
"1674053541","-31.14","11.50","-13.59"
"1674053542","-31.16","11.50","-13.61"
"1674053543","-31.17","11.50","-13.62"
"1674053544","-31.19","11.50","-13.63"
"1674053545","-31.20","11.49","-13.64"
"1674053546","-31.22","11.49","-13.65"
"1674053547","-31.23","11.49","-13.66"
"1674053548","-31.24","11.49","-13.67"
"1674053549","-31.26","11.48","-13.68"
"1674053550","-31.27","11.48","-13.69"
"1674053551","-31.29","11.48","-13.70"
"1674053552","-31.30","11.47","-13.71"
"1674053553","-31.32","11.47","-13.72"
"1674053554","-31.33","11.47","-13.73"
"1674053555","-31.34","11.47","-13.74"
"1674053556","-31.36","11.46","-13.75"
"1674053557","-31.37","11.46","-13.76"
"1674053558","-31.38","11.46","-13.77"
"1674053559","-31.40","11.45","-13.78"
"1674053560","-31.41","11.45","-13.79"
"1674053561","-31.42","11.45","-13.80"
"1674053562","-31.44","11.44","-13.81"
"1674053563","-31.45","11.44","-13.82"
"1674053564","-31.46","11.44","-13.83"
"1674053565","-31.47","11.43","-13.83"
"1674053566","-31.48","11.43","-13.84"
"1674053567","-31.49","11.43","-13.85"
"1674053568","-31.50","11.42","-13.86"
"1674053569","-31.51","11.42","-13.87"
"1674053570","-31.52","11.42","-13.88"
"1674053571","-31.53","11.41","-13.89"
"1674053572","-31.54","11.41","-13.90"
"1674053573","-31.55","11.41","-13.90"
"1674053574","-31.56","11.40","-13.91"
"1674053575","-31.56","11.40","-13.92"
"1674053576","-31.57","11.40","-13.93"
"1674053577","-31.58","11.39","-13.93"
"1674053578","-31.58","11.39","-13.94"
"1674053579","-31.59","11.39","-13.95"
"1674053580","-31.59","11.38","-13.96"
"1674053581","-31.60","11.38","-13.96"
"1674053582","-31.61","11.38","-13.97"
"1674053583","-31.61","11.37","-13.98"
"1674053584","-31.62","11.37","-13.98"
"1674053585","-31.62","11.37","-13.99"
"1674053586","-31.63","11.36","-13.99"
"1674053587","-31.64","11.36","-14.00"
"1674053588","-31.64","11.36","-14.01"
"1674053589","-31.64","11.35","-14.01"
"1674053590","-31.65","11.35","-14.02"
"1674053591","-31.65","11.34","-14.03"
"1674053592","-31.66","11.34","-14.03"
"1674053593","-31.67","11.34","-14.04"
"1674053594","-31.67","11.34","-14.04"
"1674053595","-31.68","11.33","-14.05"
"1674053596","-31.69","11.33","-14.05"
"1674053597","-31.69","11.33","-14.06"
"1674053598","-31.70","11.32","-14.06"
"1674053599","-31.71","11.32","-14.07"
"1674053600","-31.71","11.32","-14.07"
"1674053601","-31.72","11.32","-14.07"
"1674053602","-31.73","11.31","-14.08"
"1674053603","-31.73","11.31","-14.08"
"1674053604","-31.74","11.31","-14.09"
"1674053605","-31.75","11.30","-14.09"
"1674053606","-31.75","11.30","-14.10"
"1674053607","-31.76","11.29","-14.10"
"1674053608","-31.76","11.29","-14.10"
"1674053609","-31.77","11.29","-14.11"
"1674053610","-31.77","11.29","-14.11"
"1674053611","-31.78","11.28","-14.11"
"1674053612","-31.78","11.28","-14.12"
"1674053613","-31.79","11.28","-14.12"
"1674053614","-31.79","11.27","-14.13"
"1674053615","-31.79","11.27","-14.13"
"1674053616","-31.80","11.27","-14.14"
"1674053617","-31.80","11.26","-14.14"
"1674053618","-31.81","11.26","-14.14"
"1674053619","-31.81","11.25","-14.15"
"1674053620","-31.82","11.25","-14.15"
"1674053621","-31.82","11.25","-14.16"
"1674053622","-31.82","11.25","-14.16"
"1674053623","-31.83","11.24","-14.16"
"1674053624","-31.83","11.24","-14.16"
"1674053625","-31.84","11.24","-14.17"
"1674053626","-31.84","11.23","-14.17"
"1674053627","-31.84","11.23","-14.17"
"1674053628","-31.85","11.23","-14.17"
"1674053629","-31.85","11.22","-14.18"
"1674053630","-31.86","11.22","-14.18"
"1674053631","-31.86","11.22","-14.18"
"1674053632","-31.86","11.21","-14.18"
"1674053633","-31.88","11.24","-14.15"
"1674053634","-31.87","11.21","-14.18"
"1674053635","-31.88","11.21","-14.18"
"1674053636","-31.88","11.20","-14.18"
"1674053637","-31.88","11.20","-14.20"
"1674053638","-31.89","11.20","-14.19"
"1674053639","-31.89","11.18","-14.21"
"1674053640","-31.89","11.19","-14.19"
"1674053641","-31.90","11.18","-14.21"
"1674053642","-31.90","11.17","-14.20"
"1674053643","-31.90","11.16","-14.22"
"1674053644","-31.91","11.19","-14.17"
"1674053645","-31.91","11.17","-14.19"
"1674053646","-31.92","11.15","-14.21"
"1674053647","-31.90","11.14","-14.23"
"1674053648","-31.90","11.13","-14.22"
"1674053649","-31.91","11.15","-14.21"
"1674053650","-31.92","11.16","-14.20"
"1674053651","-31.92","11.16","-14.18"
"1674053652","-31.93","11.16","-14.19"
"1674053653","-31.93","11.14","-14.23"
"1674053654","-31.93","11.11","-14.29"
"1674053655","-31.93","11.16","-14.16"
"1674053656","-31.93","11.16","-14.17"
"1674053657","-31.93","11.16","-14.16"
"1674053658","-31.93","11.14","-14.17"
"1674053659","-31.90","11.10","-14.23"
"1674053660","-31.91","11.12","-14.19"
"1674053661","-31.92","11.13","-14.18"
"1674053662","-31.93","11.13","-14.19"
"1674053663","-31.93","11.12","-14.19"
"1674053664","-31.94","11.12","-14.18"
"1674053665","-31.95","11.13","-14.16"
"1674053666","-31.95","11.11","-14.19"
"1674053667","-31.96","11.11","-14.19"
"1674053668","-31.97","11.12","-14.16"
"1674053669","-31.99","11.17","-14.10"
"1674053670","-31.99","11.11","-14.18"
"1674053671","-32.00","11.12","-14.16"
"1674053672","-32.01","11.16","-14.11"
"1674053673","-32.01","11.10","-14.19"
"1674053674","-32.03","11.11","-14.20"
"1674053675","-32.01","11.09","-14.17"
"1674053676","-32.01","11.06","-14.23"
"1674053677","-32.03","11.08","-14.16"
"1674053678","-32.03","11.08","-14.16"
"1674053679","-32.05","11.10","-14.15"
"1674053680","-32.06","11.10","-14.14"
"1674053681","-32.06","11.10","-14.15"
"1674053682","-32.05","11.06","-14.18"
"1674053683","-32.03","11.05","-14.19"
"1674053684","-32.05","11.07","-14.16"
"1674053685","-32.05","11.07","-14.15"
"1674053686","-32.06","11.08","-14.14"
"1674053687","-32.04","11.08","-14.11"
"1674053688","-32.10","11.14","-14.10"
"1674053689","-32.07","11.08","-14.16"
"1674053690","-32.10","11.08","-14.19"
"1674053691","-32.09","11.09","-14.15"
"1674053692","-32.09","11.04","-14.17"
"1674053693","-32.08","11.06","-14.12"
"1674053694","-32.08","11.06","-14.12"
"1674053695","-32.07","11.02","-14.18"
"1674053696","-32.12","11.06","-14.14"
"1674053697","-32.16","11.13","-14.06"
"1674053698","-32.15","11.08","-14.14"
"1674053699","-32.15","11.08","-14.11"
"1674053700","-32.17","11.01","-14.17"
"1674053701","-32.23","11.06","-14.14"
"1674053702","-32.26","11.11","-14.03"
"1674053703","-32.27","11.12","-13.97"
"1674053704","-32.30","11.06","-14.18"
"1674053705","-32.35","11.15","-13.99"
"1674053706","-32.35","11.11","-14.03"
"1674053707","-32.35","11.10","-14.03"
"1674053708","-32.35","11.09","-14.03"
"1674053709","-32.34","11.09","-14.03"
"1674053710","-32.33","11.08","-14.03"
"1674053711","-32.33","11.08","-14.02"
"1674053712","-32.34","11.08","-14.03"
"1674053713","-32.30","11.03","-14.11"
"1674053714","-32.33","11.08","-14.06"
"1674053715","-32.27","11.01","-14.17"
"1674053716","-32.34","11.09","-14.15"
"1674053717","-32.34","11.11","-14.11"
"1674053718","-32.33","11.08","-14.15"
"1674053719","-32.32","11.07","-14.16"
"1674053720","-32.32","11.06","-14.17"
"1674053721","-32.32","11.06","-14.17"
"1674053722","-32.32","11.06","-14.17"
"1674053723","-32.31","11.06","-14.16"
"1674053724","-32.31","11.05","-14.16"
"1674053725","-32.31","11.05","-14.16"
"1674053726","-32.30","11.04","-14.15"
"1674053727","-32.30","11.04","-14.15"
"1674053728","-32.30","11.03","-14.16"
"1674053729","-32.30","11.01","-14.20"
"1674053730","-32.29","11.00","-14.17"
"1674053731","-32.29","10.99","-14.16"
"1674053732","-32.30","11.00","-14.13"
"1674053733","-32.33","11.04","-14.08"
"1674053734","-32.33","11.01","-14.10"
"1674053735","-32.34","11.00","-14.11"
"1674053736","-32.33","10.99","-14.11"
"1674053737","-32.35","11.02","-14.06"
"1674053738","-32.35","11.01","-14.06"
"1674053739","-32.35","11.01","-14.05"
"1674053740","-32.36","11.01","-14.05"
"1674053741","-32.37","11.00","-14.04"
"1674053742","-32.38","11.00","-14.03"
"1674053743","-32.39","11.00","-14.02"
"1674053744","-32.40","11.00","-14.02"
"1674053745","-32.41","11.00","-14.01"
"1674053746","-32.42","11.00","-14.00"
"1674053747","-32.42","10.99","-14.00"
"1674053748","-32.43","11.00","-13.99"
"1674053749","-32.43","10.96","-14.04"
"1674053750","-32.44","10.97","-14.01"
"1674053751","-32.43","10.96","-13.99"
"1674053752","-32.44","10.98","-13.95"
"1674053753","-32.45","10.99","-13.95"
"1674053754","-32.45","10.99","-13.93"
"1674053755","-32.45","10.98","-13.92"
"1674053756","-32.45","10.98","-13.93"
"1674053757","-32.44","10.97","-13.93"
"1674053758","-32.44","10.97","-13.92"
"1674053759","-32.43","10.96","-13.92"
"1674053760","-32.42","10.96","-13.91"
"1674053761","-32.42","10.97","-13.90"
"1674053762","-32.41","10.96","-13.90"
"1674053763","-32.41","10.96","-13.89"
"1674053764","-32.41","10.91","-13.94"
"1674053765","-32.39","10.94","-13.90"
"1674053766","-32.39","10.94","-13.88"
"1674053767","-32.39","10.96","-13.86"
"1674053768","-32.38","10.93","-13.89"
"1674053769","-32.38","10.92","-13.88"
"1674053770","-32.37","10.93","-13.87"
"1674053771","-32.37","10.92","-13.86"
"1674053772","-32.36","10.92","-13.85"
"1674053773","-32.36","10.92","-13.84"
"1674053774","-32.36","10.92","-13.84"
"1674053775","-32.35","10.92","-13.82"
"1674053776","-32.35","10.92","-13.82"
"1674053777","-32.35","10.91","-13.81"
"1674053778","-32.35","10.92","-13.80"
"1674053779","-32.34","10.90","-13.81"
"1674053780","-32.34","10.89","-13.83"
"1674053781","-32.34","10.92","-13.77"
"1674053782","-32.33","10.89","-13.79"
"1674053783","-32.33","10.89","-13.79"
"1674053784","-32.34","10.89","-13.78"
"1674053785","-32.34","10.88","-13.78"
"1674053786","-32.35","10.88","-13.78"
"1674053787","-32.35","10.87","-13.78"
"1674053788","-32.36","10.86","-13.81"
"1674053789","-32.35","10.87","-13.75"
"1674053790","-32.36","10.86","-13.75"
"1674053791","-32.36","10.86","-13.75"
"1674053792","-32.36","10.83","-13.78"
"1674053793","-32.37","10.85","-13.75"
"1674053794","-32.37","10.86","-13.74"
"1674053795","-32.38","10.88","-13.71"
"1674053796","-32.37","10.84","-13.74"
"1674053797","-32.38","10.87","-13.71"
"1674053798","-32.38","10.84","-13.74"
"1674053799","-32.38","10.84","-13.72"
"1674053800","-32.39","10.82","-13.75"
"1674053801","-32.39","10.80","-13.79"
"1674053802","-32.40","10.83","-13.71"
"1674053803","-32.41","10.85","-13.68"
"1674053804","-32.42","10.84","-13.70"
"1674053805","-32.42","10.83","-13.69"
"1674053806","-32.43","10.83","-13.70"
"1674053807","-32.43","10.80","-13.75"
"1674053808","-32.43","10.79","-13.74"
"1674053809","-32.43","10.79","-13.72"
"1674053810","-32.45","10.81","-13.71"
"1674053811","-32.45","10.81","-13.71"
"1674053812","-32.47","10.82","-13.69"
"1674053813","-32.47","10.81","-13.69"
"1674053814","-32.49","10.83","-13.67"
"1674053815","-32.50","10.84","-13.65"
"1674053816","-32.51","10.83","-13.66"
"1674053817","-32.52","10.84","-13.64"
"1674053818","-32.52","10.83","-13.66"
"1674053819","-32.53","10.82","-13.65"
"1674053820","-32.53","10.83","-13.63"
"1674053821","-32.54","10.84","-13.68"
"1674053822","-32.53","10.83","-13.62"
"1674053823","-32.54","10.84","-13.60"
"1674053824","-32.54","10.84","-13.60"
"1674053825","-32.55","10.84","-13.59"
"1674053826","-32.56","10.87","-13.57"
"1674053827","-32.55","10.82","-13.62"
"1674053828","-32.57","10.86","-13.56"
"1674053829","-32.58","10.87","-13.56"
"1674053830","-32.58","10.84","-13.59"
"1674053831","-32.58","10.83","-13.59"
"1674053832","-32.58","10.82","-13.63"
"1674053833","-32.61","10.88","-13.53"
"1674053834","-32.59","10.86","-13.55"
"1674053835","-32.59","10.84","-13.56"
"1674053836","-32.59","10.82","-13.57"
"1674053837","-32.60","10.84","-13.55"
"1674053838","-32.60","10.83","-13.56"
"1674053839","-32.61","10.83","-13.55"
"1674053840","-32.62","10.84","-13.55"
"1674053841","-32.61","10.82","-13.57"
"1674053842","-32.62","10.84","-13.54"
"1674053843","-32.63","10.84","-13.53"
"1674053844","-32.62","10.82","-13.55"
"1674053845","-32.63","10.84","-13.52"
"1674053846","-32.62","10.83","-13.53"
"1674053847","-32.62","10.83","-13.53"
"1674053848","-32.62","10.82","-13.53"
"1674053849","-32.62","10.83","-13.52"
"1674053850","-32.63","10.84","-13.51"
"1674053851","-32.62","10.81","-13.53"
"1674053852","-32.62","10.82","-13.52"
"1674053853","-32.62","10.82","-13.51"
"1674053854","-32.62","10.82","-13.51"
"1674053855","-32.62","10.82","-13.51"
"1674053856","-32.62","10.83","-13.49"
"1674053857","-32.62","10.81","-13.51"
"1674053858","-32.62","10.81","-13.50"
"1674053859","-32.62","10.81","-13.50"
"1674053860","-32.61","10.81","-13.49"
"1674053861","-32.61","10.81","-13.48"
"1674053862","-32.62","10.81","-13.48"
"1674053863","-32.61","10.80","-13.49"
"1674053864","-32.61","10.80","-13.48"
"1674053865","-32.62","10.80","-13.47"
"1674053866","-32.62","10.81","-13.46"
"1674053867","-32.62","10.81","-13.45"
"1674053868","-32.62","10.81","-13.47"
"1674053869","-32.61","10.73","-13.60"
"1674053870","-32.60","10.73","-13.54"
"1674053871","-32.61","10.73","-13.54"
"1674053872","-32.61","10.74","-13.52"
"1674053873","-32.62","10.75","-13.50"
"1674053874","-32.64","10.78","-13.45"
"1674053875","-32.66","10.79","-13.45"
"1674053876","-32.67","10.80","-13.43"
"1674053877","-32.68","10.78","-13.44"
"1674053878","-32.69","10.79","-13.43"
"1674053879","-32.71","10.78","-13.43"
"1674053880","-32.72","10.78","-13.43"
"1674053881","-32.73","10.79","-13.42"
"1674053882","-32.75","10.79","-13.41"
"1674053883","-32.75","10.76","-13.44"
"1674053884","-32.76","10.78","-13.41"
"1674053885","-32.77","10.79","-13.39"
"1674053886","-32.76","10.74","-13.44"
"1674053887","-32.77","10.76","-13.41"
"1674053888","-32.78","10.77","-13.40"
"1674053889","-32.78","10.76","-13.40"
"1674053890","-32.78","10.76","-13.39"
"1674053891","-32.78","10.76","-13.39"
"1674053892","-32.78","10.76","-13.39"
"1674053893","-32.78","10.76","-13.39"
"1674053894","-32.78","10.76","-13.38"
"1674053895","-32.78","10.76","-13.38"
"1674053896","-32.78","10.74","-13.40"
"1674053897","-32.76","10.68","-13.47"
"1674053898","-32.77","10.76","-13.35"
"1674053899","-32.77","10.74","-13.37"
"1674053900","-32.76","10.70","-13.41"
"1674053901","","",""
"1674053902","","",""
"1674053903","","",""
"1674053904","","",""
"1674053905","","",""
"1674053906","","",""
"1674053907","","",""
"1674053908","","",""
