"","Differential 5 - 6 Last (µV)","Differential 7 - 8 Last (µV)","Differential 9 - 10 Last (µV)"
"00:00:00","-201033,145","8003,281","-5732,041"
"00:00:01","-201087,400","8179,666","-5720,026"
"00:00:02","-201178,014","8149,108","-5716,220"
"00:00:03","-201203,763","6770,578","-5747,059"
"00:00:04","-201191,634","488,141","-5805,304"
"00:00:05","-201148,778","-173,055","-5836,030"
"00:00:06","-201089,546","-178,354","-5881,738"
"00:00:07","-201004,833","11,212","-5937,446"
"00:00:08","-200919,479","-43,432","-5972,315"
"00:00:09","-200805,843","-100,221","-6016,922"
"00:00:10","-200686,723","-44,719","-6088,935"
"00:00:11","-200545,982","-104,512","-6139,213"
"00:00:12","-200338,975","-284,564","-6198,988"
"00:00:13","-200100,765","-391,278","-6257,662"
"00:00:14","-199751,750","-202,327","-6314,022"
"00:00:15","-199490,443","-40,055","-6346,466"
"00:00:16","-199186,742","-193,148","-6361,951"
"00:00:17","-198926,240","-295,590","-6365,943"
"00:00:18","-198608,771","-25,951","-6344,059"
"00:00:19","-198334,709","173,671","-6344,264"
"00:00:20","-197994,307","-209,939","-6349,936"
"00:00:21","-197704,092","-51,379","-6368,089"
"00:00:22","-197344,735","-7,780","-6414,300"
"00:00:23","-197040,126","-171,861","-6459,858"
"00:00:24","-196658,835","384,431","-6528,905"
"00:00:25","-196330,592","702,371","-6592,784"
"00:00:26","-195929,900","807,648","-6671,010"
"00:00:27","-195595,875","392,938","-6735,150"
"00:00:28","-195189,491","675,412","-6785,970"
"00:00:29","-194840,387","646,980","-6838,898"
"00:00:30","-194414,392","279,918","-6908,299"
"00:00:31","-193976,492","-111,714","-6979,901"
"00:00:32","-193606,541","60,726","-7042,736"
"00:00:33","-193153,694","278,706","-7093,257"
"00:00:34","-192774,713","-513,122","-7109,861"
"00:00:35","-192299,917","6766,269","-7170,625"
"00:00:36","-191892,728","4892,528","-7227,358"
"00:00:37","-191398,233","-427,881","-7323,102"
"00:00:38","-190990,582","-444,672","-7381,179"
"00:00:39","-190490,693","367,939","-7509,758"
"00:00:40","-190071,642","-287,008","-7555,503"
"00:00:41","-189564,958","-40,633","-7510,392"
"00:00:42","-189142,600","3581,441","-7426,980"
"00:00:43","-188633,367","832,647","-7410,133"
"00:00:44","-188201,338","224,603","-7426,066"
"00:00:45","-187681,913","-253,912","-7467,725"
"00:00:46","-187238,306","-66,211","-7512,761"
"00:00:47","-186704,531","-8,619","-7600,371"
"00:00:48","-186259,598","-101,341","-7639,251"
"00:00:49","-185720,056","98,318","-7654,530"
"00:00:50","-185172,886","913,186","-7705,499"
"00:00:51","-184716,031","2285,615","-7736,693"
"00:00:52","-184163,705","3634,332","-7793,650"
"00:00:53","-183705,166","4501,605","-7847,007"
"00:00:54","-183150,887","3294,527","-7900,531"
"00:00:55","-182686,135","764,459","-7973,609"
"00:00:56","-182130,590","886,937","-8046,778"
"00:00:57","-181670,099","1599,382","-8054,856"
"00:00:58","-181108,460","1868,946","-8116,590"
"00:00:59","-180645,689","490,174","-8155,488"
"00:01:00","-180078,402","1406,476","-8208,491"
"00:01:01","-179599,017","4643,187","-8288,470"
"00:01:02","-179034,740","4608,449","-8418,784"
"00:01:03","-178555,086","3878,169","-8583,967"
"00:01:04","-177985,460","623,175","-8747,377"
"00:01:05","-177502,602","205,349","-8878,381"
"00:01:06","-176927,328","-295,142","-9021,586"
"00:01:07","-176447,272","-0,336","-9059,047"
"00:01:08","-175864,339","-510,678","-9057,462"
"00:01:09","-175377,816","-111,695","-9067,369"
"00:01:10","-174789,578","-184,622","-9148,542"
"00:01:11","-174199,641","-11,604","-9239,789"
"00:01:12","-173705,444","-153,224","-9302,568"
"00:01:13","-173110,411","-241,636","-9357,921"
"00:01:14","-172615,975","-50,335","-9402,416"
"00:01:15","-172021,121","-130,295","-9466,090"
"00:01:16","-171528,399","-273,594","-9537,618"
"00:01:17","-170936,495","-119,157","-9651,682"
"00:01:18","-170444,772","-15,391","-9746,418"
"00:01:19","-169856,220","-242,681","-9894,848"
"00:01:20","-169367,030","-221,711","-10004,155"
"00:01:21","-168781,847","-18,787","-10125,663"
"00:01:22","-168297,186","-161,880","-10210,549"
"00:01:23","-167720,333","-266,318","-10287,152"
"00:01:24","-167243,391","-44,719","-10326,703"
"00:01:25","-166678,280","-77,666","-10365,042"
"00:01:26","-166210,994","-254,677","-10403,436"
"00:01:27","-165654,138","-123,019","-10454,629"
"00:01:28","-165191,442","-9,944","-10475,691"
"00:01:29","-164643,750","-235,684","-10571,436"
"00:01:30","-164101,064","-177,290","-10666,583"
"00:01:31","-163654,640","-2,257","-10707,384"
"00:01:32","-163121,924","-201,973","-10766,449"
"00:01:33","-162681,177","-235,498","-10813,892"
"00:01:34","-162156,358","-39,178","-10854,955"
"00:01:35","-161774,367","-57,853","-10876,914"
"00:01:36","-161282,524","-238,893","-10886,465"
"00:01:37","-160867,333","-96,695","-10886,185"
"00:01:38","-160365,403","-37,107","-10878,238"
"00:01:39","-159950,152","-222,868","-10866,950"
"00:01:40","-159445,226","-162,627","-10837,250"
"00:01:41","-159026,742","-188,727","-10825,142"
"00:01:42","-158521,473","-289,620","-10831,709"
"00:01:43","-158101,737","-673,099","-10828,351"
"00:01:44","-157593,966","-8,824","-10853,593"
"00:01:45","-157169,446","-2,687","-10879,843"
"00:01:46","-156662,270","-190,798","-10907,080"
"00:01:47","-156241,044","-70,483","-10935,774"
"00:01:48","-155739,233","-86,267","-10969,933"
"00:01:49","-155242,473","-257,400","-11002,040"
"00:01:50","-154830,411","-113,430","-11041,293"
"00:01:51","-154337,123","-20,597","-11072,580"
"00:01:52","-153928,965","-226,823","-11076,610"
"00:01:53","-153439,671","-173,279","-11084,128"
"00:01:54","-153033,495","1,082","-11096,274"
"00:01:55","-152548,313","-181,451","-11103,158"
"00:01:56","-152145,147","-254,471","-11093,736"
"00:01:57","-151664,391","-19,347","-11077,729"
"00:01:58","-151267,856","-84,867","-11079,706"
"00:01:59","-150792,792","-269,340","-11087,673"
"00:02:00","-150397,658","-92,908","-11056,890"
"00:02:01","-149926,320","-41,473","-11012,246"
"00:02:02","-149532,780","-227,047","-10984,149"
"00:02:03","-149063,185","-148,541","-10950,102"
"00:02:04","-148674,428","7,798","-10905,270"
"00:02:05","-148210,183","-179,678","-10845,235"
"00:02:06","-147825,703","-238,613","-10810,087"
"00:02:07","-147365,466","-11,567","-10784,808"
"00:02:08","-146983,743","-72,573","-10764,435"
"00:02:09","-146526,635","-246,822","-10739,902"
"00:02:10","-146072,388","-50,726","-10741,524"
"00:02:11","-145695,746","-22,537","-10762,233"
"00:02:12","-145244,703","-238,016","-10759,360"
"00:02:13","-144871,160","-169,753","-10741,767"
"00:02:14","-144425,616","9,067","-10715,928"
"00:02:15","-144058,019","-144,231","-10705,798"
"00:02:16","-143616,498","-227,326","-10697,645"
"00:02:17","-143250,689","-32,219","-10692,981"
"00:02:18","-142813,101","-59,103","-10661,694"
"00:02:19","-142450,020","-233,632","-10603,412"
"00:02:20","-142015,725","-106,005","-10528,768"
"00:02:21","-141658,172","13,600","-10466,495"
"00:02:22","-141232,625","-192,719","-10385,545"
"00:02:23","-140877,604","-211,021","-10305,043"
"00:02:24","-140454,143","7,780","-10207,004"
"00:02:25","-140102,372","-50,633","-10131,614"
"00:02:26","-139684,319","-247,662","-10054,228"
"00:02:27","-139335,215","-84,718","-10001,394"
"00:02:28","-138918,236","5,186","-9953,074"
"00:02:29","-138501,748","-223,968","-9972,588"
"00:02:30","-138156,086","-172,570","-9963,111"
"00:02:31","-137743,145","23,712","-9960,312"
"00:02:32","-137401,074","-122,684","-9964,567"
"00:02:33","-136994,213","-228,520","-9977,607"
"00:02:34","-136657,923","-28,134","-9998,073"
"00:02:35","-136256,307","-39,458","-10001,861"
"00:02:36","-135922,596","-227,121","-9988,689"
"00:02:37","-135523,126","-121,378","-9966,432"
"00:02:38","-135190,621","24,906","-9965,424"
"00:02:39","-134794,563","-157,571","-9968,801"
"00:02:40","-134467,080","-227,196","-9986,208"
"00:02:41","-134076,744","-8,657","-9993,745"
"00:02:42","-133753,344","-17,723","-9984,398"
"00:02:43","-133367,941","-233,203","-9978,913"
"00:02:44","-133049,384","-135,874","-9958,279"
"00:02:45","-132667,944","28,581","-9928,821"
"00:02:46","-132352,248","-149,455","-9893,187"
"00:02:47","-131973,177","-222,065","-9873,449"
"00:02:48","-131595,314","27,257","-9875,651"
"00:02:49","-131288,260","-29,887","-9879,979"
"00:02:50","-130913,213","-243,091","-9880,408"
"00:02:51","-130601,346","-108,244","-9876,210"
"00:02:52","-130229,115","33,954","-9867,031"
"00:02:53","-129920,736","-74,774","-9858,375"
"00:02:54","-129551,589","-188,354","-9845,353"
"00:02:55","-129245,952","132,291","-9829,962"
"00:02:56","-128880,680","-235,815","-9808,339"
"00:02:57","-128578,916","-123,169","-9779,870"
"00:02:58","-128216,207","-42,611","-9741,139"
"00:02:59","-127916,560","22,723","-9694,573"
"00:03:00","-127559,111","-206,861","-9633,400"
"00:03:01","-127260,759","-148,746","-9585,919"
"00:03:02","-126904,577","66,920","-9546,274"
"00:03:03","-126608,357","40,783","-9544,595"
"00:03:04","-126254,633","-176,899","-9550,528"
"00:03:05","-125960,290","20,130","-9579,035"
"00:03:06","-125609,696","21,996","-9596,143"
"00:03:07","-125319,600","-188,130","-9586,609"
"00:03:08","-124972,686","-130,034","-9569,819"
"00:03:09","-124628,082","48,394","-9558,719"
"00:03:10","-124342,442","-19,440","-9538,122"
"00:03:11","-124001,220","-178,391","-9483,646"
"00:03:12","-123719,342","-3,899","-9443,497"
"00:03:13","-123380,914","35,932","-9404,636"
"00:03:14","-123100,266","-173,858","-9368,462"
"00:03:15","-122763,485","-149,605","-9312,082"
"00:03:16","-122486,219","26,884","-9258,129"
"00:03:17","-122155,160","-40,148","-9186,451"
"00:03:18","-121879,518","-184,641","-9154,736"
"00:03:19","-121548,779","17,929","-9116,117"
"00:03:20","-121275,932","49,775","-9071,436"
"00:03:21","-120949,671","-132,795","-9012,445"
"00:03:22","-120679,341","-35,242","-8974,516"
"00:03:23","-120358,974","104,736","-8921,215"
"00:03:24","-120092,429","15,988","-8885,340"
"00:03:25","-119776,323","-187,813","-8833,344"
"00:03:26","-119509,123","-28,656","-8805,547"
"00:03:27","-119194,582","193,018","-8756,947"
"00:03:28","-118881,769","42,443","-8705,381"
"00:03:29","-118620,828","-94,382","-8675,606"
"00:03:30","-118310,347","-49,010","-8650,420"
"00:03:31","-118053,563","43,189","-8642,846"
"00:03:32","-117744,453","95,445","-8627,603"
"00:03:33","-117495,894","-346,185","-8602,623"
"00:03:34","-117213,979","285,217","-8566,802"
"00:03:35","-116973,870","161,041","-8529,975"
"00:03:36","-116683,714","-94,867","-8502,457"
"00:03:37","-116440,900","-216,916","-8499,099"
"00:03:38","-116149,195","40,671","-8518,315"
"00:03:39","-115907,833","-58,730","-8538,184"
"00:03:40","-115618,587","-110,669","-8569,302"
"00:03:41","-115377,739","-275,590","-8582,269"
"00:03:42","-115090,169","108,150","-8595,123"
"00:03:43","-114851,817","-4,179","-8596,466"
"00:03:44","-114567,138","-165,108","-8600,981"
"00:03:45","-114330,634","-152,795","-8597,772"
"00:03:46","-114047,617","200,499","-8593,258"
"00:03:47","-113767,944","10,653","-8597,455"
"00:03:48","-113534,793","-167,813","-8583,668"
"00:03:49","-113258,235","59,868","-8566,056"
"00:03:50","-113029,733","125,855","-8567,791"
"00:03:51","-112757,690","-83,039","-8578,556"
"00:03:52","-112530,977","-142,123","-8579,937"
"00:03:53","-112261,429","81,192","-8567,232"
"00:03:54","-112038,158","20,652","-8556,598"
"00:03:55","-111772,716","-182,981","-8552,418"
"00:03:56","-111554,995","-218,315","-8539,695"
"00:03:57","-111294,515","442,153","-8504,472"
"00:03:58","-111075,491","-11,697","-8481,339"
"00:03:59","-110817,254","-131,918","-8458,298"
"00:04:00","-110596,627","213,353","-8440,108"
"00:04:01","-110334,426","167,869","-8428,112"
"00:04:02","-110120,460","-193,988","-8424,063"
"00:04:03","-109857,649","-209,995","-8430,276"
"00:04:04","-109638,683","18,432","-8436,843"
"00:04:05","-109374,397","61,435","-8429,809"
"00:04:06","-109156,005","-145,836","-8421,116"
"00:04:07","-108895,861","-186,469","-8413,803"
"00:04:08","-108636,692","111,807","-8406,396"
"00:04:09","-108426,861","-29,066","-8397,329"
"00:04:10","-108175,024","-471,873","-8367,945"
"00:04:11","-107966,430","5,709","-8371,864"
"00:04:12","-107717,514","184,809","-8365,931"
"00:04:13","-107512,206","-66,995","-8346,565"
"00:04:14","-107264,839","-175,835","-8315,372"
"00:04:15","-107060,142","-36,212","-8292,854"
"00:04:16","-106814,347","65,969","-8271,698"
"00:04:17","-106611,185","-171,936","-8263,060"
"00:04:18","-106365,979","-133,579","-8271,512"
"00:04:19","-106162,220","60,502","-8278,302"
"00:04:20","-105918,847","-49,831","-8276,269"
"00:04:21","-105714,783","-170,873","-8271,045"
"00:04:22","-105473,615","-34,010","-8273,825"
"00:04:23","-105273,120","96,882","-8288,097"
"00:04:24","-105035,789","177,253","-8313,842"
"00:04:25","-104837,529","31,753","-8335,390"
"00:04:26","-104603,566","432,769","-8352,218"
"00:04:27","-104368,865","-18,992","-8365,669"
"00:04:28","-104176,335","-192,831","-8370,166"
"00:04:29","-103944,995","-48,767","-8397,497"
"00:04:30","-103751,794","66,659","-8433,391"
"00:04:31","-103520,676","-130,183","-8479,790"
"00:04:32","-103328,854","-240,031","-8506,300"
"00:04:33","-103100,091","-136,470","-8539,919"
"00:04:34","-102912,463","153,131","-8584,153"
"00:04:35","-102683,984","390,513","-8635,327"
"00:04:36","-102491,453","-147,161","-8658,144"
"00:04:37","-102268,487","1001,859","-8744,914"
"00:04:38","-102077,447","-483,440","-8773,402"
"00:04:39","-101853,035","-1233,365","-8839,090"
"00:04:40","-101667,739","-620,376","-8888,772"
"00:04:41","-101443,589","-1054,937","-8939,629"
"00:04:42","-101257,302","-1487,538","-8978,266"
"00:04:43","-101042,174","-193,335","-9009,888"
"00:04:44","-100859,605","-81,621","-9030,298"
"00:04:45","-100642,987","26,921","-9086,827"
"00:04:46","-100462,265","-136,956","-9136,789"
"00:04:47","-100252,047","-164,138","-9177,627"
"00:04:48","-100044,161","56,678","-9215,089"
"00:04:49","-99871,665","31,977","-9239,715"
"00:04:50","-99666,201","-181,563","-9258,240"
"00:04:51","-99494,658","-138,075","-9261,934"
"00:04:52","-99290,371","69,457","-9263,576"
"00:04:53","-99120,654","36,044","-9273,296"
"00:04:54","-98914,973","-203,932","-9278,818"
"00:04:55","-98745,197","-149,138","-9267,662"
"00:04:56","-98540,857","76,062","-9242,980"
"00:04:57","-98362,185","34,794","-9207,440"
"00:04:58","-98159,224","-202,812","-9167,217"
"00:04:59","-97991,638","-140,612","-9140,519"
"00:05:00","-97791,791","74,998","-9113,561"
"00:05:01","-97624,503","4,235","-9090,353"
"00:05:02","-97423,255","-125,724","-9066,043"
"00:05:03","-97255,982","-131,825","-9059,887"
"00:05:04","-97055,972","67,480","-9067,928"
"00:05:05","-96889,876","17,798","-9081,454"
"00:05:06","-96692,748","-173,802","-9119,159"
"00:05:07","-96496,321","-95,800","-9187,664"
"00:05:08","-96333,638","59,010","-9259,715"
"00:05:09","-96139,759","4,533","-9351,280"
"00:05:10","-95980,808","-173,373","-9420,047"
"00:05:11","-95791,377","-116,172","-9494,653"
"00:05:12","-95643,654","74,121","-9546,927"
"00:05:13","-95467,634","29,010","-9590,060"
"00:05:14","-95324,300","-161,768","-9593,121"
"00:05:15","-95155,083","-113,430","-9563,401"
"00:05:16","-95013,931","37,984","-9533,141"
"00:05:17","-94842,739","38,357","-9491,090"
"00:05:18","-94694,965","-125,762","-9442,564"
"00:05:19","-94508,648","-142,552","-9363,425"
"00:05:20","-94352,528","20,746","-9289,602"
"00:05:21","-94166,622","58,357","-9203,914"
"00:05:22","-94013,020","-112,367","-9136,004"
"00:05:23","-93830,302","-160,929","-9084,625"
"00:05:24","-93679,488","5,653","-9036,922"
"00:05:25","-93500,890","74,644","-8976,401"
"00:05:26","-93322,612","-124,456","-8923,268"
"00:05:27","-93172,207","-154,996","-8887,429"
"00:05:28","-92994,489","22,910","-8851,124"
"00:05:29","-92847,377","83,151","-8823,531"
"00:05:30","-92671,506","-100,856","-8795,622"
"00:05:31","-92526,250","-162,813","-8775,883"
"00:05:32","-92352,524","-0,354","-8756,928"
"00:05:33","-92209,466","124,232","-8741,201"
"00:05:34","-92039,004","-51,622","-8720,045"
"00:05:35","-91898,412","-188,279","-8695,661"
"00:05:36","-91732,800","-35,036","-8661,203"
"00:05:37","-91602,877","98,710","-8628,499"
"00:05:38","-91437,116","15,112","-8584,526"
"00:05:39","-91296,151","-166,899","-8537,064"
"00:05:40","-91126,807","-122,907","-8489,864"
"00:05:41","-90986,684","118,019","-8453,336"
"00:05:42","-90819,970","4,347","-8417,385"
"00:05:43","-90681,374","-147,235","-8416,955"
"00:05:44","-90514,995","-135,556","-8465,891"
"00:05:45","-90377,145","64,830","-8508,706"
"00:05:46","-90214,163","68,692","-8580,198"
"00:05:47","-90051,740","-93,710","-8632,361"
"00:05:48","-89917,228","-85,128","-8643,256"
"00:05:49","-89757,085","-32,798","-8640,457"
"00:05:50","-89625,821","54,122","-8624,002"
"00:05:51","-89470,059","-156,768","-8578,855"
"00:05:52","-89339,167","-132,180","-8521,114"
"00:05:53","-89192,696","77,983","-8431,302"
"00:05:54","-89073,651","1281,722","-8362,461"
"00:05:55","-88932,365","916,918","-8299,589"
"00:05:56","-88818,640","828,338","-8241,101"
"00:05:57","-88673,867","1181,202","-8169,704"
"00:05:58","-88555,865","1229,428","-8106,683"
"00:05:59","-88413,179","650,096","-8032,879"
"00:06:00","-88290,609","222,327","-7986,444"
"00:06:01","-88155,068","45,708","-7920,997"
"00:06:02","-88037,312","122,963","-7862,529"
"00:06:03","-87893,508","-702,818","-7791,467"
"00:06:04","-87775,826","-80,241","-7725,163"
"00:06:05","-87631,725","109,214","-7686,731"
"00:06:06","-87485,053","-21,380","-7690,574"
"00:06:07","-87361,567","-306,989","-7673,877"
"00:06:08","-87213,621","1,418","-7645,818"
"00:06:09","-87091,140","414,561","-7632,777"
"00:06:10","-86946,242","67,648","-7619,382"
"00:06:11","-86825,475","-32,966","-7604,233"
"00:06:12","-86683,035","84,793","-7577,088"
"00:06:13","-86564,049","377,640","-7540,783"
"00:06:14","-86422,764","76,715","-7494,590"
"00:06:15","-86305,581","-59,476","-7444,685"
"00:06:16","-86165,681","108,561","-7378,455"
"00:06:17","-86054,191","268,613","-7321,143"
"00:06:18","-85918,933","-70,670","-7251,406"
"00:06:19","-85805,319","-40,689","-7190,773"
"00:06:20","-85668,735","107,329","-7117,100"
"00:06:21","-85557,297","223,129","-7059,060"
"00:06:22","-85422,657","-6,157","-6991,636"
"00:06:23","-85310,176","-95,315","-6935,817"
"00:06:24","-85177,965","152,534","-6876,023"
"00:06:25","-85044,943","211,693","-6816,902"
"00:06:26","-84934,533","184,286","-6766,642"
"00:06:27","-84802,002","265,814","-6707,333"
"00:06:28","-84690,958","296,634","-6663,174"
"00:06:29","-84557,571","278,351","-6597,933"
"00:06:30","-84449,023","83,095","-6552,767"
"00:06:31","-84326,662","-219,995","-6499,559"
"00:06:32","-84226,139","111,490","-6462,321"
"00:06:33","-84103,249","255,796","-6428,143"
"00:06:34","-83994,426","96,751","-6408,218"
"00:06:35","-83863,683","220,778","-6377,715"
"00:06:36","-83756,506","40,391","-6359,992"
"00:06:37","-83627,947","71,024","-6335,626"
"00:06:38","-83522,946","-3,899","-6327,007"
"00:06:39","-83397,351","-74,756","-6377,995"
"00:06:40","-83294,854","49,495","-6455,213"
"00:06:41","-83169,393","172,141","-6534,036"
"00:06:42","-83067,417","-16,679","-6584,538"
"00:06:43","-82941,897","-147,739","-6640,600"
"00:06:44","-82840,838","3,246","-6698,584"
"00:06:45","-82719,199","216,674","-6750,225"
"00:06:46","-82596,868","-61,174","-6787,406"
"00:06:47","-82490,288","-126,583","-6820,353"
"00:06:48","-82365,997","46,846","-6854,588"
"00:06:49","-82261,875","99,998","-6872,535"
"00:06:50","-82137,235","-133,821","-6887,143"
"00:06:51","-82032,800","-171,097","-6893,113"
"00:06:52","-81909,254","112,311","-6899,381"
"00:06:53","-81807,539","90,446","-6906,097"
"00:06:54","-81685,476","-102,889","-6910,780"
"00:06:55","-81583,969","-52,200","-6916,340"
"00:06:56","-81462,063","97,274","-6921,620"
"00:06:57","-81360,206","26,567","-6924,045"
"00:06:58","-81242,092","-126,900","-6934,623"
"00:06:59","-81147,112","193,465","-6969,454"
"00:07:00","-81036,143","676,327","-6957,943"
"00:07:01","-80940,753","-5,951","-6933,037"
"00:07:02","-80827,326","-61,491","-6903,933"
"00:07:03","-80734,007","-85,819","-6881,079"
"00:07:04","-80621,548","148,299","-6861,994"
"00:07:05","-80511,436","41,473","-6842,573"
"00:07:06","-80418,810","-44,831","-6827,984"
"00:07:07","-80307,283","162,832","-6808,077"
"00:07:08","-80215,178","136,545","-6790,485"
"00:07:09","-80104,917","-33,544","-6757,426"
"00:07:10","-80014,095","-12,052","-6726,288"
"00:07:11","-79904,921","233,203","-6689,797"
"00:07:12","-79813,920","54,252","-6661,141"
"00:07:13","-79704,702","61,248","-6628,586"
"00:07:14","-79612,300","328,462","-6599,967"
"00:07:15","-79502,337","1001,001","-6570,994"
"00:07:16","-79410,553","3420,680","-6554,222"
"00:07:17","-79299,599","101,173","-6535,995"
"00:07:18","-79207,569","46,398","-6526,984"
"00:07:19","-79098,620","96,397","-6555,509"
"00:07:20","-79007,521","-99,998","-6587,728"
"00:07:21","-78901,157","-115,352","-6612,821"
"00:07:22","-78811,929","106,602","-6632,317"
"00:07:23","-78706,838","37,406","-6649,686"
"00:07:24","-78618,944","-158,951","-6652,988"
"00:07:25","-78514,561","-8,507","-6647,373"
"00:07:26","-78409,791","109,475","-6636,589"
"00:07:27","-78322,664","-70,465","-6626,366"
"00:07:28","-78218,319","-139,026","-6611,888"
"00:07:29","-78132,354","49,420","-6601,646"
"00:07:30","-78029,051","77,479","-6591,404"
"00:07:31","-77942,789","-112,833","-6582,262"
"00:07:32","-77840,216","-105,930","-6572,692"
"00:07:33","-77755,518","82,479","-6571,237"
"00:07:34","-77652,052","31,100","-6572,878"
"00:07:35","-77568,226","-57,946","-6582,990"
"00:07:36","-77471,510","16358,307","-6603,269"
"00:07:37","-77389,129","-1185,474","-6619,743"
"00:07:38","-77292,152","870,986","-6698,267"
"00:07:39","-77208,474","-196,730","-6783,582"
"00:07:40","-77108,741","316,876","-6863,878"
"00:07:41","-77025,756","689,069","-6935,630"
"00:07:42","-76929,025","308,388","-6926,078"
"00:07:43","-76845,258","380,811","-6913,970"
"00:07:44","-76747,969","370,905","-6885,930"
"00:07:45","-76652,244","513,290","-6848,804"
"00:07:46","-76573,588","398,665","-6817,275"
"00:07:47","-76478,980","42,760","-6789,869"
"00:07:48","-76401,874","772,182","-6765,037"
"00:07:49","-76307,788","928,503","-6743,116"
"00:07:50","-76230,146","449,168","-6729,478"
"00:07:51","-76138,109","837,908","-6731,363"
"00:07:52","-76061,718","1034,582","-6750,896"
"00:07:53","-75970,918","731,978","-6815,167"
"00:07:54","-75893,156","115,426","-6882,553"
"00:07:55","-75800,791","-70,427","-6943,111"
"00:07:56","-75725,414","2,425","-6969,920"
"00:07:57","-75635,590","58,525","-6987,457"
"00:07:58","-75559,244","-54,924","-6991,170"
"00:07:59","-75468,145","2439,417","-7044,881"
"00:08:00","-75395,554","6727,539","-7032,381"
"00:08:01","-75314,008","11561,914","-6977,980"
"00:08:02","-75233,042","13242,340","-6972,458"
"00:08:03","-75134,650","12386,763","-6966,376"
"00:08:04","-75045,414","13645,837","-6977,588"
"00:08:05","-74968,234","3729,553","-6966,394"
"00:08:06","-74876,554","392,192","-6947,738"
"00:08:07","-74800,216","10,018","-6938,951"
"00:08:08","-74709,587","30,839","-6930,332"
"00:08:09","-74633,054","13518,713","-6925,388"
"00:08:10","-74539,796","12770,299","-6923,802"
"00:08:11","-74464,798","12002,184","-6923,802"
"00:08:12","-74375,600","10248,869","-6921,620"
"00:08:13","-74300,453","9437,714","-6923,093"
"00:08:14","-74212,171","9098,282","-6923,522"
"00:08:15","-74137,732","9181,041","-6924,809"
"00:08:16","-74049,175","9283,445","-6929,735"
"00:08:17","-73974,133","9009,291","-6940,257"
"00:08:18","-73884,197","8535,945","-6952,719"
"00:08:19","-73811,099","7187,210","-6969,976"
"00:08:20","-73722,802","5930,711","-6987,551"
"00:08:21","-73650,412","6581,609","-7008,931"
"00:08:22","-73559,612","3828,711","-7034,751"
"00:08:23","-73483,683","4417,745","-7030,870"
"00:08:24","-73396,429","5294,663","-7079,041"
"00:08:25","-73309,638","6086,248","-7087,268"
"00:08:26","-73241,353","7805,777","-7088,966"
"00:08:27","-73130,891","8473,746","-7130,943"
"00:08:28","-73093,154","8468,987","-7101,578"
"00:08:29","-72967,634","7499,833","-7195,363"
"00:08:30","-72890,304","7889,581","-7228,403"
"00:08:31","-72805,226","8089,091","-7258,794"
"00:08:32","-72735,511","7970,735","-7284,297"
"00:08:33","-72651,409","7538,693","-7312,785"
"00:08:34","-72579,727","7897,883","-7335,565"
"00:08:35","-72493,479","7970,287","-7365,060"
"00:08:36","-72421,640","7760,610","-7397,130"
"00:08:37","-72336,547","7549,495","-7429,013"
"00:08:38","-72265,431","7886,987","-7453,155"
"00:08:39","-72182,387","7843,668","-7480,151"
"00:08:40","-72110,690","7710,424","-7506,120"
"00:08:41","-72026,275","7588,226","-7535,764"
"00:08:42","-71956,217","7554,029","-7558,339"
"00:08:43","-71873,814","7488,695","-7584,588"
"00:08:44","-71792,290","7389,369","-7610,893"
"00:08:45","-71723,573","7308,084","-7631,807"
"00:08:46","-71640,536","7313,158","-7656,097"
"00:08:47","-71572,214","7234,410","-7674,828"
"00:08:48","-71490,072","7276,555","-7698,690"
"00:08:49","-71422,912","7200,232","-7722,402"
"00:08:50","-71341,418","7005,666","-7755,013"
"00:08:51","-71273,945","6938,484","-7779,248"
"00:08:52","-71193,866","7016,580","-7807,922"
"00:08:53","-71127,377","6840,465","-7832,175"
"00:08:54","-71048,968","6829,812","-7866,782"
"00:08:55","-70984,378","6868,617","-7904,916"
"00:08:56","-70906,803","6890,501","-7958,590"
"00:08:57","-70841,953","6782,835","-8010,585"
"00:08:58","-70765,093","6701,942","-8069,129"
"00:08:59","-70700,787","6744,907","-8113,456"
"00:09:00","-70625,938","6678,137","-8157,652"
"00:09:01","-70562,445","6409,748","-8188,304"
"00:09:02","-70486,777","6343,332","-8226,550"
"00:09:03","-70411,466","6062,536","-8253,321"
"00:09:04","-70349,149","5129,145","-8271,549"
"00:09:05","-70276,484","2430,891","-8295,354"
"00:09:06","-70215,613","1190,661","-8313,096"
"00:09:07","-70141,472","371,315","-8329,831"
"00:09:08","-70080,407","68,468","-8342,797"
"00:09:09","-70007,816","174,455","-8378,579"
"00:09:10","-69947,071","125,669","-8406,657"
"00:09:11","-69894,850","-71,323","-8436,060"
"00:09:12","-69842,763","-148,093","-8455,443"
"00:09:13","-69799,259","67,666","-8481,674"
"00:09:14","-69757,521","120,258","-8503,427"
"00:09:15","-69697,075","-57,181","-8531,878"
"00:09:16","-69641,486","-148,653","-8560,422"
"00:09:17","-69572,359","43,935","-8593,705"
"00:09:18","-69513,537","148,597","-8611,615"
"00:09:19","-69445,796","33,320","-8629,786"
"00:09:20","-69388,822","-94,531","-8645,905"
"00:09:21","-69323,279","9,104","-8656,035"
"00:09:22","-69267,347","346,129","-8667,901"
"00:09:23","-69199,681","111,788","-8685,998"
"00:09:24","-69130,376","48,917","-8706,408"
"00:09:25","-69073,401","-8,955","-8716,333"
"00:09:26","-69002,934","197,253","-8726,668"
"00:09:27","-68945,847","1187,340","-8732,377"
"00:09:28","-68874,225","3841,005","-8744,000"
"00:09:29","-68817,824","1567,200","-8751,295"
"00:09:30","-68751,208","-10,298","-8757,097"
"00:09:31","-68695,612","187,868","-8759,764"
"00:09:32","-68628,207","425,139","-8768,943"
"00:09:33","-68573,415","16,567","-8769,577"
"00:09:34","-68509,698","-118,579","-8767,115"
"00:09:35","-68458,170","0,933","-8761,313"
"00:09:36","-68398,453","187,327","-8765,025"
"00:09:37","-68350,896","121,303","-8768,066"
"00:09:38","-68289,541","-59,644","-8771,145"
"00:09:39","-68241,328","-113,169","-8772,040"
"00:09:40","-68184,763","41,230","-8775,230"
"00:09:41","-68138,629","585,881","-8780,081"
"00:09:42","-68089,992","312,660","-8790,342"
"00:09:43","-68032,734","-59,234","-8803,998"
"00:09:44","-67980,833","110,557","-8808,942"
"00:09:45","-67923,039","3200,033","-8814,054"
"00:09:46","-67875,408","2597,641","-8822,803"
"00:09:47","-67819,417","12941,433","-8828,494"
"00:09:48","-67771,077","12344,414","-8828,252"
"00:09:49","-67712,702","11753,795","-8825,173"
"00:09:50","-67662,336","11335,186","-8835,154"
"00:09:51","-67605,354","10887,081","-8839,090"
"00:09:52","-67557,409","10551,958","-8835,826"
"00:09:53","-67502,618","10192,602","-8834,651"
"00:09:54","-67455,396","9928,112","-8825,378"
"00:09:55","-67405,529","9641,011","-8811,013"
"00:09:56","-67356,296","9425,027","-8805,211"
"00:09:57","-67298,278","9194,399","-8799,035"
"00:09:58","-67247,212","9020,299","-8795,883"
"00:09:59","-67187,384","8830,677","-8794,800"
"00:10:00","-67136,280","8684,710","-8795,585"
"00:10:01","-67076,325","8524,117","-8795,118"
"00:10:02","-67015,745","8376,303","-8799,539"
"00:10:03","-66965,505","8263,471","-8803,532"
"00:10:04","-66906,348","8137,597","-8807,842"
"00:10:05","-66858,284","8039,502","-8812,543"
"00:10:06","-66801,123","7929,468","-8816,497"
"00:10:07","-66753,812","7845,328","-8825,191"
"00:10:08","-66696,048","7751,170","-8818,009"
"00:10:09","-66647,381","7676,880","-8802,879"
"00:10:10","-66590,868","7593,188","-8782,227"
"00:10:11","-66543,907","7528,358","-8770,790"
"00:10:12","-66486,396","7456,289","-8760,305"
"00:10:13","-66435,665","7398,529","-8751,163"
"00:10:14","-66376,247","7333,176","-8742,619"
"00:10:15","-66328,466","7282,133","-8737,078"
"00:10:16","-66271,096","7225,287","-8730,922"
"00:10:17","-66222,779","7180,251","-8724,410"
"00:10:18","-66166,177","7128,200","-8714,261"
"00:10:19","-66117,875","7088,033","-8705,288"
"00:10:20","-66057,071","7043,314","-8703,087"
"00:10:21","-66008,329","7008,334","-8701,762"
"00:10:22","-65951,832","6967,905","-8702,153"
"00:10:23","-65896,705","6930,407","-8702,975"
"00:10:24","-65851,018","6901,974","-8701,744"
"00:10:25","-65794,878","6866,584","-8701,015"
"00:10:26","-65749,079","6837,461","-8699,728"
"00:10:27","-65694,824","6806,454","-8695,064"
"00:10:28","-65649,472","6781,809","-8690,307"
"00:10:29","-65594,792","6751,530","-8685,176"
"00:10:30","-65548,711","6728,061","-8681,781"
"00:10:31","-65494,813","6700,599","-8679,318"
"00:10:32","-65450,706","6679,536","-8675,830"
"00:10:33","-65398,045","6655,301","-8669,114"
"00:10:34","-65353,289","6633,959","-8664,543"
"00:10:35","-65300,226","6608,922","-8659,468"
"00:10:36","-65256,551","6580,602","-8655,979"
"00:10:37","-65204,687","6557,505","-8649,729"
"00:10:38","-65161,705","6492,805","-8645,271"
"00:10:39","-65109,171","6443,590","-8642,472"
"00:10:40","-65066,449","6475,698","-8641,111"
"00:10:41","-65014,973","6467,153","-8639,823"
"00:10:42","-64962,603","6470,735","-8638,666"
"00:10:43","-64919,174","6485,063","-8638,610"
"00:10:44","-64866,692","6470,362","-8641,819"
"00:10:45","-64823,993","6480,268","-8641,875"
"00:10:46","-64772,666","6488,943","-8640,998"
"00:10:47","-64730,838","6478,291","-8642,547"
"00:10:48","-64680,561","6468,552","-8644,282"
"00:10:49","-64637,356","6459,970","-8643,517"
"00:10:50","-64579,390","6449,000","-8642,267"
"00:10:51","-64533,792","6440,269","-8641,483"
"00:10:52","-64481,072","6432,303","-8641,260"
"00:10:53","-64437,024","6426,520","-8639,879"
"00:10:54","-64384,520","6417,938","-8636,931"
"00:10:55","-64340,867","6411,819","-8634,039"
"00:10:56","-64288,720","6406,184","-8632,192"
"00:10:57","-64246,133","6403,255","-8626,559"
"00:10:58","-64194,769","6400,065","-8616,260"
"00:10:59","-64152,978","6395,681","-8608,462"
"00:11:00","-64104,564","6391,614","-8600,403"
"00:11:01","-64064,011","6388,946","-8594,768"
"00:11:02","-64014,927","6384,748","-8588,388"
"00:11:03","-63965,708","6379,767","-8582,436"
"00:11:04","-63924,290","6376,372","-8579,115"
"00:11:05","-63876,048","6374,469","-8577,661"
"00:11:06","-63835,561","6372,212","-8571,877"
"00:11:07","-63784,964","6369,152","-8565,441"
"00:11:08","-63743,755","6367,342","-8561,878"
"00:11:09","-63695,043","6366,465","-8557,810"
"00:11:10","-63654,408","6364,208","-8556,728"
"00:11:11","-63604,951","6360,813","-8553,109"
"00:11:12","-63563,071","6358,350","-8552,996"
"00:11:13","-63513,242","6356,671","-8554,135"
"00:11:14","-63472,062","6355,458","-8556,672"
"00:11:15","-63420,162","6352,175","-8555,179"
"00:11:16","-63375,667","6350,029","-8554,489"
"00:11:17","-63322,537","6348,873","-8551,915"
"00:11:18","-63278,116","6346,428","-8547,923"
"00:11:19","-63222,967","6342,380","-8542,736"
"00:11:20","-63176,937","6328,052","-8539,714"
"00:11:21","-63121,684","3900,220","-8534,527"
"00:11:22","-63066,050","2754,596","-8529,620"
"00:11:23","-63019,276","3285,198","-8525,348"
"00:11:24","-62962,897","4250,324","-8522,886"
"00:11:25","-62917,784","6912,869","-8520,572"
"00:11:26","-62863,164","6880,594","-8517,569"
"00:11:27","-62817,283","6826,958","-8515,349"
"00:11:28","-62765,010","6758,844","-8512,680"
"00:11:29","-62722,906","6555,602","-8510,498"
"00:11:30","-62673,055","6693,192","-8507,103"
"00:11:31","-62632,494","6681,998","-8500,312"
"00:11:32","-62585,518","5641,054","-8495,778"
"00:11:33","-62550,463","6334,545","-8491,842"
"00:11:34","-62508,598","6122,721","-8485,722"
"00:11:35","-62473,841","6192,962","-8483,297"
"00:11:36","-62435,225","6277,232","-8479,902"
"00:11:37","-62403,657","6228,913","-8479,398"
"00:11:38","-62364,310","6167,683","-8477,159"
"00:11:39","-62332,559","6187,608","-8473,409"
"00:11:40","-62294,520","6249,285","-8468,485"
"00:11:41","-62258,288","6229,361","-8465,517"
"00:11:42","-62226,646","6126,676","-8462,869"
"00:11:43","-62188,961","6118,934","-8459,081"
"00:11:44","-62158,775","6231,860","-8455,611"
"00:11:45","-62121,034","6250,069","-8451,190"
"00:11:46","-62088,478","6163,914","-8450,649"
"00:11:47","-62051,222","6061,137","-8447,645"
"00:11:48","-62019,229","6067,723","-8446,022"
"00:11:49","-61981,391","6175,276","-8444,791"
"00:11:50","-61949,190","6057,853","-8446,433"
"00:11:51","-61911,598","5945,506","-8446,675"
"00:11:52","-61880,425","6103,654","-8447,048"
"00:11:53","-61842,516","6190,817","-8446,526"
"00:11:54","-61810,762","6168,280","-8447,794"
"00:11:55","-61772,630","6058,749","-8448,112"
"00:11:56","-61741,509","6101,640","-8445,854"
"00:11:57","-61703,227","6212,588","-8442,366"
"00:11:58","-61671,454","6176,582","-8440,891"
"00:11:59","-61634,272","6094,065","-8437,030"
"00:12:00","-61603,174","6130,072","-8432,926"
"00:12:01","-61566,215","6311,784","-8426,992"
"00:12:02","-61528,306","6242,849","-8423,709"
"00:12:03","-61497,003","6243,633","-8420,612"
"00:12:04","-61459,858","6232,271","-8414,642"
"00:12:05","-61427,843","6369,973","-8409,325"
"00:12:06","-61389,204","6312,829","-8405,780"
"00:12:07","-61358,068","6143,262","-8402,740"
"00:12:08","-61320,607","6179,754","-8397,964"
"00:12:09","-61288,480","6327,063","-8393,953"
"00:12:10","-61251,037","6270,031","-8390,184"
"00:12:11","-61220,217","6154,773","-8387,945"
"00:12:12","-61182,253","6129,717","-8382,237"
"00:12:13","-61151,076","6213,185","-8377,871"
"00:12:14","-61112,963","6283,352","-8374,811"
"00:12:15","-61082,032","6195,033","-8373,430"
"00:12:16","-61044,417","6210,742","-8370,222"
"00:12:17","-61012,741","6309,321","-8368,094"
"00:12:18","-60975,950","6292,624","-8368,990"
"00:12:19","-60944,647","6171,190","-8370,035"
"00:12:20","-60908,508","6198,466","-8369,214"
"00:12:21","-60870,785","6417,229","-8366,472"
"00:12:22","-60840,301","6311,970","-8364,979"
"00:12:23","-60803,622","6226,469","-8361,808"
"00:12:24","-60773,961","6223,782","-8358,169"
"00:12:25","-60737,506","6345,645","-8353,282"
"00:12:26","-60707,841","6300,851","-8349,681"
"00:12:27","-60672,525","6188,821","-8345,577"
"00:12:28","-60643,159","6104,475","-8341,510"
"00:12:29","-60608,424","6394,692","-8336,212"
"00:12:30","-60579,598","6355,701","-8333,861"
"00:12:31","-60545,683","6439,150","-8331,304"
"00:12:32","-60516,763","6468,702","-8328,469"
"00:12:33","-60482,550","6477,283","-8325,074"
"00:12:34","-60453,352","6451,985","-8323,899"
"00:12:35","-60418,148","6358,704","-8323,282"
"00:12:36","-60389,847","6354,134","-8321,976"
"00:12:37","-60347,497","6506,861","-8318,943"
"00:12:38","-60327,496","6506,742","-8318,469"
"00:12:39","-60292,292","6492,078","-8320,484"
"00:12:40","-60258,076","6580,154","-8320,204"
"00:12:41","-60229,979","6630,713","-8318,861"
"00:12:42","-60196,493","6609,407","-8318,917"
"00:12:43","-60167,182","6556,013","-8319,850"
"00:12:44","-60131,513","6532,095","-8319,178"
"00:12:45","-60102,146","6565,304","-8316,958"
"00:12:46","-60067,561","6586,180","-8315,764"
"00:12:47","-60038,120","6505,529","-8316,399"
"00:12:48","-60002,301","6492,917","-8315,148"
"00:12:49","-59973,903","6530,771","-8313,898"
"00:12:50","-59941,161","6568,512","-8313,823"
"00:12:51","-59913,944","6507,134","-8315,783"
"00:12:52","-59880,286","6513,700","-8316,230"
"00:12:53","-59852,600","6523,570","-8315,354"
"00:12:54","-59819,765","6550,024","-8314,999"
"00:12:55","-59792,344","6479,335","-8315,521"
"00:12:56","-59757,117","6447,508","-8315,316"
"00:12:57","-59727,736","6540,845","-8313,954"
"00:12:58","-59694,547","6539,315","-8314,420"
"00:12:59","-59666,228","6488,253","-8316,343"
"00:13:00","-59631,303","6216,059","-8318,208"
"00:13:01","-59596,602","5663,535","-8319,421"
"00:13:02","-59576,321","5760,193","-8321,753"
"00:13:03","-59545,204","5653,274","-8327,406"
"00:13:04","-59516,825","5491,375","-8330,354"
"00:13:05","-59481,919","4831,018","-8334,793"
"00:13:06","-59453,730","6188,727","-8338,319"
"00:13:07","-59420,504","6174,922","-8344,700"
"00:13:08","-59392,370","5859,575","-8349,998"
"00:13:09","-59365,150","6051,939","-8354,009"
"00:13:10","-59339,572","6217,028","-8358,599"
"00:13:11","-59310,190","5957,408","-8366,658"
"00:13:12","-59287,503","5981,568","-8372,180"
"00:13:13","-59262,484","6035,932","-8377,647"
"00:13:14","-59238,400","6286,747","-8381,434"
"00:13:15","-59208,401","7019,098","-8389,176"
"00:13:16","-59183,270","6965,611","-8394,997"
"00:13:17","-59152,674","6980,424","-8401,172"
"00:13:18","-59126,202","6990,685","-8407,609"
"00:13:19","-59094,187","6839,140","-8416,358"
"00:13:20","-59062,380","6865,837","-8424,679"
"00:13:21","-59035,625","6962,850","-8428,727"
"00:13:22","-59002,362","6918,672","-8435,052"
"00:13:23","-58974,266","6959,025","-8441,172"
"00:13:24","-58940,534","6951,693","-8446,134"
"00:13:25","-58912,046","6868,057","-8449,119"
"00:13:26","-58878,019","6888,840","-8454,100"
"00:13:27","-58847,103","6868,020","-8459,454"
"00:13:28","-58810,689","6871,080","-8464,864"
"00:13:29","-58780,465","6886,004","-8468,522"
"00:13:30","-58745,299","6923,784","-8470,891"
"00:13:31","-58716,267","6912,366","-8474,286"
"00:13:32","-58682,837","6899,512","-8479,379"
"00:13:33","-58653,358","6907,627","-8482,383"
"00:13:34","-58619,406","6946,675","-8483,857"
"00:13:35","-58590,580","6934,343","-8487,495"
"00:13:36","-58556,609","6921,004","-8492,028"
"00:13:37","-58527,224","6914,828","-8494,957"
"00:13:38","-58492,988","6897,870","-8496,711"
"00:13:39","-58459,315","6908,504","-8500,125"
"00:13:40","-58431,424","6896,042","-8504,230"
"00:13:41","-58397,394","6912,347","-8507,028"
"00:13:42","-58368,366","6918,933","-8508,894"
"00:13:43","-58334,019","6916,694","-8513,669"
"00:13:44","-58305,811","6911,713","-8519,864"
"00:13:45","-58271,315","6905,836","-8525,367"
"00:13:46","-58242,902","6911,899","-8528,464"
"00:13:47","-58209,676","6909,400","-8532,270"
"00:13:48","-58181,971","6908,019","-8537,269"
"00:13:49","-58149,137","6905,444","-8541,430"
"00:13:50","-58122,851","6907,348","-8544,956"
"00:13:51","-58090,556","6906,937","-8548,538"
"00:13:52","-58065,258","6906,060","-8553,035"
"00:13:53","-58034,085","6905,239","-8557,959"
"00:13:54","-58007,516","6905,314","-8561,878"
"00:13:55","-57975,933","6906,489","-8566,392"
"00:13:56","-57950,672","6905,575","-8571,522"
"00:13:57","-57920,244","6905,930","-8578,892"
"00:13:58","-57894,908","6906,769","-8583,761"
"00:13:59","-57865,448","6908,784","-8589,321"
"00:14:00","-57835,843","6910,575","-8593,500"
"00:14:01","-57815,451","6921,545","-8593,854"
"00:14:02","-57783,715","6917,123","-8605,571"
"00:14:03","-57758,830","6915,761","-8613,592"
"00:14:04","-57729,241","6910,967","-8626,522"
"00:14:05","-57706,870","6911,377","-8631,950"
"00:14:06","-57679,296","6912,869","-8646,073"
"00:14:07","-57655,230","6909,773","-8657,266"
"00:14:08","-57627,711","6908,915","-8665,849"
"00:14:09","-57605,159","6910,127","-8672,900"
"00:14:10","-57577,472","6913,448","-8679,952"
"00:14:11","-57554,115","6915,575","-8683,292"
"00:14:12","-57524,897","6917,459","-8684,187"
"00:14:13","-57500,999","6920,015","-8685,550"
"00:14:14","-57473,313","6923,672","-8687,956"
"00:14:15","-57450,891","6926,153","-8690,102"
"00:14:16","-57422,530","6928,373","-8690,941"
"00:14:17","-57399,530","6929,735","-8693,833"
"00:14:18","-57372,086","6933,354","-8697,639"
"00:14:19","-57343,241","6936,339","-8701,855"
"00:14:20","-57319,250","6938,149","-8704,896"
"00:14:21","-57291,266","6940,313","-8710,680"
"00:14:22","-57267,871","6943,205","-8715,063"
"00:14:23","-57238,318","6946,750","-8720,287"
"00:14:24","-57215,035","6949,007","-8722,619"
"00:14:25","-57185,933","6950,966","-8726,967"
"00:14:26","-57163,060","6954,119","-8731,463"
"00:14:27","-57136,383","6958,279","-8736,929"
"00:14:28","-57113,454","6961,301","-8740,194"
"00:14:29","-57086,047","6964,324","-8742,209"
"00:14:30","-57062,969","6967,514","-8746,369"
"00:14:31","-57035,021","6973,111","-8751,593"
"00:14:32","-57011,906","6976,133","-8754,036"
"00:14:33","-56983,698","6978,428","-8756,630"
"00:14:34","-56959,819","6980,797","-8759,745"
"00:14:35","-56931,760","6984,472","-8764,111"
"00:14:36","-56908,216","6986,413","-8767,543"
"00:14:37","-56879,971","6988,446","-8770,044"
"00:14:38","-56852,154","6991,207","-8773,589"
"00:14:39","-56829,095","6994,528","-8777,786"
"00:14:40","-56800,943","6997,793","-8782,002"
"00:14:41","-56778,200","6999,771","-8784,540"
"00:14:42","-56750,197","7002,718","-8790,491"
"00:14:43","-56727,324","7005,461","-8795,845"
"00:14:44","-56699,041","7008,445","-8800,155"
"00:14:45","-56676,447","7009,789","-8802,226"
"00:14:46","-56649,342","7013,240","-8805,211"
"00:14:47","-56627,251","7016,635","-8810,434"
"00:14:48","-56600,910","7019,938","-8819,539"
"00:14:49","-56577,943","7021,654","-8828,755"
"00:14:50","-56550,894","7022,568","-8839,762"
"00:14:51","-56528,281","7024,602","-8847,915"
"00:14:52","-56502,033","7027,233","-8856,664"
"00:14:53","-56481,119","7028,912","-8862,373"
"00:14:54","-56454,215","7030,143","-8870,619"
"00:14:55","-56432,296","7033,277","-8878,381"
"00:14:56","-56405,131","7035,255","-8886,142"
"00:14:57","-56383,770","7036,188","-8891,851"
"00:14:58","-56357,652","7037,363","-8899,145"
"00:14:59","-56332,689","7038,333","-8907,671"
"00:15:00","-56311,850","7039,154","-8914,387"
"00:15:01","-56286,663","7039,844","-8920,767"
"00:15:02","-56266,740","7040,609","-8926,532"
"00:15:03","-56243,457","7041,989","-8935,189"
"00:15:04","-56223,996","7043,575","-8941,774"
"00:15:05","-56200,061","6975,368","-8946,961"
"00:15:06","-56180,641","6917,198","-8952,726"
"00:15:07","-56162,488","6994,453","-8960,468"
"00:15:08","-56181,200","6954,921","-8966,195"
"00:15:09","-56258,511","6998,297","-8971,904"
"00:15:10","-56510,873","6205,499","-8979,031"
"00:15:11","-56923,624","5737,582","-8990,281"
"00:15:12","-57218,842","5828,456","-8997,780"
"00:15:13","-57506,390","5075,452","-9005,094"
"00:15:14","-57704,445","6207,757","-9010,896"
"00:15:15","-57910,524","5737,376","-9019,795"
"00:15:16","-58066,547","6000,821","-9027,351"
"00:15:17","-58238,853","3891,713","-9034,067"
"00:15:18","-58401,387","4070,198","-9041,529"
"00:15:19","-58529,779","4139,245","-9048,004"
"00:15:20","-58675,878","3996,394","-9056,604"
"00:15:21","-58792,368","4307,337","-9061,976"
"00:15:22","-58925,126","3678,808","-9068,357"
"00:15:23","-59028,499","4390,283","-9077,573"
"00:15:24","-59144,914","5006,499","-9085,614"
"00:15:25","-59235,249","3928,597","-9090,670"
"00:15:26","-59336,141","3488,421","-9095,595"
"00:15:27","-59414,461","3094,121","-9101,976"
"00:15:28","-59501,138","2953,695","-9108,804"
"00:15:29","-59564,810","2868,175","-9113,338"
"00:15:30","-59631,564","3176,936","-9119,009"
"00:15:31","-59681,039","3347,865","-9124,923"
"00:15:32","-59733,219","3478,720","-9131,602"
"00:15:33","-59771,895","3215,181","-9135,240"
"00:15:34","-59812,751","3647,074","-9140,725"
"00:15:35","-59842,005","3398,423","-9146,079"
"00:15:36","-59871,726","2274,029","-9152,142"
"00:15:37","-59891,667","1893,461","-9157,087"
"00:15:38","-59910,845","2163,920","-9162,720"
"00:15:39","-59925,810","2404,287","-9168,710"
"00:15:40","-59934,165","1974,858","-9174,101"
"00:15:41","-59941,236","2083,661","-9178,373"
"00:15:42","-59944,019","2103,511","-9182,048"
"00:15:43","-59945,155","2678,348","-9187,104"
"00:15:44","-59943,084","3586,646","-9192,123"
"00:15:45","-59938,457","3469,783","-9195,556"
"00:15:46","-59933,197","2469,379","-9197,552"
"00:15:47","-59924,856","2643,144","-9207,421"
"00:15:48","-59916,630","2889,499","-9219,230"
"00:15:49","-59904,579","3270,199","-9227,812"
"00:15:50","-59892,416","2627,454","-9232,980"
"00:15:51","-59875,790","2308,021","-9239,417"
"00:15:52","-59860,792","4508,358","-9245,853"
"00:15:53","-59840,884","5775,510","-9251,767"
"00:15:54","-59822,958","8531,952","-9254,603"
"00:15:55","-59801,504","9242,849","-9258,296"
"00:15:56","-59793,405","9873,244","-9261,076"
"00:15:57","-59772,156","5745,716","-9263,726"
"00:15:58","-59748,147","7466,307","-9263,148"
"00:15:59","-59727,233","5902,167","-9263,838"
"00:16:00","-59701,130","6318,463","-9266,542"
"00:16:01","-59678,297","6784,925","-9268,520"
"00:16:02","-59650,667","8221,848","-9269,397"
"00:16:03","-59627,142","7804,265","-9270,012"
"00:16:04","-59597,962","7688,746","-9271,859"
"00:16:05","-59573,803","7663,467","-9272,941"
"00:16:06","-59544,008","7473,192","-9276,561"
"00:16:07","-59518,971","7983,123","-9285,012"
"00:16:08","-59488,431","7631,005","-9294,191"
"00:16:09","-59468,377","7904,020","-9299,750"
"00:16:10","-59438,024","8506,636","-9303,352"
"00:16:11","-59411,082","8194,741","-9305,273"
"00:16:12","-59379,630","8538,184","-9309,396"
"00:16:13","-59352,707","8491,917","-9314,079"
"00:16:14","-59319,463","8351,099","-9316,746"
"00:16:15","-59291,925","8626,372","-9318,034"
"00:16:16","-59258,364","8851,217","-9321,075"
"00:16:17","-59223,477","8871,553","-9323,818"
"00:16:18","-59193,999","8823,569","-9324,321"
"00:16:19","-59159,279","8920,003","-9324,937"
"00:16:20","-59130,382","8878,400","-9325,291"
"00:16:21","-59095,606","8757,768","-9326,168"
"00:16:22","-59067,436","8593,481","-9324,601"
"00:16:23","-59031,315","8411,787","-9321,765"
"00:16:24","-59000,887","8240,430","-9321,373"
"00:16:25","-58963,686","8086,516","-9321,486"
"00:16:26","-58932,588","8124,295","-9319,228"
"00:16:27","-58895,275","8240,243","-9315,684"
"00:16:28","-58861,393","7810,254","-9319,154"
"00:16:29","-58825,500","8425,164","-9318,481"
"00:16:30","-58794,029","8367,348","-9315,273"
"00:16:31","-58755,763","8304,925","-9311,448"
"00:16:32","-58724,385","8259,292","-9309,919"
"00:16:33","-58686,547","8208,155","-9307,531"
"00:16:34","-58654,349","8167,335","-9304,564"
"00:16:35","-58616,064","8121,477","-9300,963"
"00:16:36","-58583,975","8097,206","-9298,986"
"00:16:37","-58545,526","8067,355","-9297,232"
"00:16:38","-58506,086","8035,826","-9293,539"
"00:16:39","-58473,866","8009,839","-9290,199"
"00:16:40","-58434,669","7983,422","-9287,419"
"00:16:41","-58401,741","7963,366","-9285,516"
"00:16:42","-58361,929","7939,579","-9281,375"
"00:16:43","-58329,523","7920,363","-9277,363"
"00:16:44","-58290,645","7900,905","-9273,819"
"00:16:45","-58258,817","7886,614","-9270,834"
"00:16:46","-58223,315","7868,256","-9267,868"
"00:16:47","-58188,669","7854,582","-9262,551"
"00:16:48","-58144,491","7839,712","-9256,375"
"00:16:49","-58110,368","7830,440","-9253,278"
"00:16:50","-58067,031","7813,967","-9247,383"
"00:16:51","-58028,001","7803,687","-9240,256"
"00:16:52","-57979,047","7791,505","-9234,416"
"00:16:53","-57942,312","7782,978","-9229,324"
"00:16:54","-57901,643","7774,285","-9223,596"
"00:16:55","-57868,134","7764,080","-9219,883"
"00:16:56","-57830,412","7757,046","-9213,167"
"00:16:57","-57793,904","7750,517","-9210,910"
"00:16:58","-57761,628","7742,662","-9207,216"
"00:16:59","-57721,592","7735,648","-9197,421"
"00:17:00","-57687,469","7729,715","-9194,922"
"00:17:01","-57649,318","7725,592","-9190,574"
"00:17:02","-57617,974","7723,502","-9181,657"
"00:17:03","-57581,313","7715,853","-9177,608"
"00:17:04","-57550,717","7712,738","-9173,037"
"00:17:05","-57515,178","7711,562","-9166,265"
"00:17:06","-57484,955","7707,141","-9163,168"
"00:17:07","-57451,710","7703,037","-9154,960"
"00:17:08","-57425,048","7700,537","-9150,407"
"00:17:09","-57393,651","7700,332","-9145,986"
"00:17:10","-57367,031","7700,537","-9140,482"
"00:17:11","-57333,484","7697,347","-9133,841"
"00:17:12","-57309,121","7695,854","-9130,109"
"00:17:13","-57273,787","7694,921","-9127,405"
"00:17:14","-57251,994","7690,668","-9141,228"
"00:17:15","-57224,140","7691,414","-9129,755"
"00:17:16","-57197,444","7698,317","-9115,110"
"00:17:17","-57160,821","7698,410","-9089,010"
"00:17:18","-57127,837","7692,346","-9091,117"
"00:17:19","-57101,160","7684,996","-9098,805"
"00:17:20","-57077,631","7684,716","-9101,528"
"00:17:21","-57058,025","7697,682","-9085,185"
"00:17:22","-57013,325","7690,537","-9057,163"
"00:17:23","-56991,611","7688,112","-9056,921"
"00:17:24","-56959,130","7683,653","-9054,868"
"00:17:25","-56932,114","7682,030","-9056,380"
"00:17:26","-56904,241","7680,015","-9062,705"
"00:17:27","-56874,447","7686,768","-9034,421"
"00:17:28","-56839,764","7686,638","-9028,247"
"00:17:29","-56826,074","7678,261","-9031,940"
"00:17:30","-56803,145","7672,944","-9039,664"
"00:17:31","-56780,513","7680,593","-9015,448"
"00:17:32","-56755,289","7688,186","-9009,777"
"00:17:33","-56735,255","7685,686","-8992,893"
"00:17:34","-56697,361","7677,347","-8978,677"
"00:17:35","-56668,315","7675,108","-8977,016"
"00:17:36","-56640,685","7679,306","-8981,251"
"00:17:37","-56598,932","7682,645","-8960,226"
"00:17:38","-56558,896","7680,033","-8944,629"
"00:17:39","-56512,181","7678,075","-8939,890"
"00:17:40","-56479,812","7677,552","-8939,181"
"00:17:41","-56438,543","7677,907","-8928,566"
"00:17:42","-56400,429","7677,179","-8920,003"
"00:17:43","-56360,804","7681,004","-8916,010"
"00:17:44","-56320,582","7677,347","-8909,481"
"00:17:45","-56271,125","7674,679","-8898,044"
"00:17:46","-56234,166","7675,332","-8894,630"
"00:17:47","-56188,159","7675,948","-8888,306"
"00:17:48","-56148,626","7674,343","-8882,075"
"00:17:49","-56103,554","7672,981","-8875,675"
"00:17:50","-56065,474","7674,157","-8872,019"
"00:17:51","-56024,171","7678,075","-8868,549"
"00:17:52","-55984,881","7675,034","-8860,638"
"00:17:53","-55940,572","7674,213","-8856,571"
"00:17:54","-55906,113","7676,321","-8854,221"
"00:17:55","-55863,019","7554,607","-8845,657"
"00:17:56","-55822,030","7236,537","-8827,225"
"00:17:57","-55787,422","6714,684","-8830,490"
"00:17:58","-55749,513","6667,764","-8829,109"
"00:17:59","-55719,867","6693,696","-8825,695"
"00:18:00","-55685,092","7561,622","-8816,647"
"00:18:01","-55653,956","7766,151","-8814,931"
"00:18:02","-55619,758","7737,980","-8810,192"
"00:18:03","-55592,205","7730,163","-8804,969"
"00:18:04","-55561,084","7729,995","-8798,681"
"00:18:05","-55541,459","7331,050","-8793,140"
"00:18:06","-55514,853","7615,464","-8789,353"
"00:18:07","-55492,636","7533,246","-8785,286"
"00:18:08","-55466,350","7748,893","-8783,570"
"00:18:09","-55447,262","7789,713","-8778,980"
"00:18:10","-55423,997","7789,284","-8775,099"
"00:18:11","-55403,311","7780,106","-8770,081"
"00:18:12","-55381,481","7753,894","-8765,081"
"00:18:13","-55370,361","7684,604","-8762,171"
"00:18:14","-55353,235","7470,766","-8759,988"
"00:18:15","-55337,824","4906,707","-8756,835"
"00:18:16","-55319,205","1459,106","-8752,357"
"00:18:17","-55299,897","1237,283","-8749,988"
"00:18:18","-55284,806","894,698","-8748,963"
"00:18:19","-55265,795","551,516","-8744,634"
"00:18:20","-55251,110","802,182","-8741,332"
"00:18:21","-55232,007","1011,057","-8738,440"
"00:18:22","-55213,593","4818,406","-8741,574"
"00:18:23","-55195,495","9693,715","-8732,395"
"00:18:24","-55178,799","9900,202","-8726,444"
"00:18:25","-55160,329","9679,107","-8723,608"
"00:18:26","-55141,728","9498,701","-8723,720"
"00:18:27","-55121,582","9307,399","-8720,381"
"00:18:28","-55104,546","9168,691","-8718,926"
"00:18:29","-55085,313","9025,989","-8717,936"
"00:18:30","-55068,821","8924,293","-8714,616"
"00:18:31","-55048,726","8812,412","-8712,657"
"00:18:32","-55031,098","8728,142","-8712,303"
"00:18:33","-55014,141","8645,998","-8710,399"
"00:18:34","-54994,717","8581,038","-8704,654"
"00:18:35","-54974,329","8509,192","-8699,877"
"00:18:36","-54956,529","8450,331","-8694,878"
"00:18:37","-54940,429","8404,176","-8694,393"
"00:18:38","-54917,704","8347,965","-8695,456"
"00:18:39","-54898,378","8294,179","-8690,586"
"00:18:40","-54879,870","6052,649","-8682,415"
"00:18:41","-54864,872","4204,859","-8677,172"
"00:18:42","-54844,238","2903,435","-8674,206"
"00:18:43","-54828,212","3701,998","-8670,270"
"00:18:44","-54805,450","763,209","-8673,908"
"00:18:45","-54788,381","573,120","-8672,882"
"00:18:46","-54768,790","279,713","-8670,308"
"00:18:47","-54753,177","304,750","-8666,203"
"00:18:48","-54731,607","395,998","-8665,252"
"00:18:49","-54714,277","229,229","-8663,591"
"00:18:50","-54693,364","70,371","-8659,654"
"00:18:51","-54676,387","476,014","-8656,091"
"00:18:52","-54653,216","6858,561","-8653,199"
"00:18:53","-54634,579","607,504","-8649,916"
"00:18:54","-54589,562","476,033","-8645,215"
"00:18:55","-54556,593","628,193","-8639,730"
"00:18:56","-54533,087","276,169","-8637,323"
"00:18:57","-54509,506","31,604","-8633,778"
"00:18:58","-54491,431","1377,988","-8630,364"
"00:18:59","-54446,466","3217,737","-8625,719"
"00:19:00","-54400,124","5949,367","-8623,424"
"00:19:01","-54345,667","2672,732","-8621,428"
"00:19:02","-54305,837","1192,974","-8618,275"
"00:19:03","-54258,879","866,117","-8613,145"
"00:19:04","-54220,669","1087,324","-8611,522"
"00:19:05","-54176,606","759,086","-8608,275"
"00:19:06","-54140,560","1213,328","-8603,910"
"00:19:07","-54096,177","2316,099","-8600,066"
"00:19:08","-54058,809","3043,675","-8597,922"
"00:19:09","-54011,647","3050,242","-8594,059"
"00:19:10","-53972,859","3226,786","-8589,190"
"00:19:11","-53926,367","1862,603","-8584,041"
"00:19:12","-53887,077","1173,068","-8583,705"
"00:19:13","-53842,731","1281,423","-8578,630"
"00:19:14","-53803,965","2008,029","-8574,526"
"00:19:15","-53759,228","2965,244","-8570,758"
"00:19:16","-53715,628","3807,219","-8568,145"
"00:19:17","-53679,582","5005,044","-8564,004"
"00:19:18","-53637,642","3956,171","-8558,967"
"00:19:19","-53602,718","3753,582","-8556,952"
"00:19:20","-53561,062","4756,412","-8554,788"
"00:19:21","-53528,000","4202,116","-8551,131"
"00:19:22","-53488,411","4350,881","-8547,214"
"00:19:23","-53455,688","5059,800","-8545,628"
"00:19:24","-53417,314","4188,945","-8542,587"
"00:19:25","-53385,057","3718,173","-8538,165"
"00:19:26","-53346,515","2585,813","-8533,781"
"00:19:27","-53313,658","1885,513","-8531,113"
"00:19:28","-53273,845","2303,823","-8530,553"
"00:19:29","-53246,029","979,808","-8521,412"
"00:19:30","-53208,660","1892,621","-8522,326"
"00:19:31","-53177,897","918,559","-8522,867"
"00:19:32","-53142,432","-34,272","-8520,442"
"00:19:33","-53183,850","72,125","-8516,431"
"00:19:34","-53223,643","204,864","-8514,117"
"00:19:35","-53227,860","-9,459","-8512,979"
"00:19:36","-53223,979","-101,024","-8510,573"
"00:19:37","-53221,107","95,800","-8507,774"
"00:19:38","-53218,026","166,414","-8507,010"
"00:19:39","-53211,480","-36,902","-8505,275"
"00:19:40","-53205,583","33,898","-8502,214"
"00:19:41","-53193,457","456,854","-8499,192"
"00:19:42","-53181,238","1079,115","-8499,136"
"00:19:43","-53167,526","1571,304","-8496,469"
"00:19:44","-53157,449","3325,328","-8493,204"
"00:19:45","-53140,398","2812,150","-8491,562"
"00:19:46","-53125,549","2660,065","-8490,816"
"00:19:47","-53107,154","2319,942","-8488,670"
"00:19:48","-53091,500","2530,441","-8485,648"
"00:19:49","-53074,803","1369,332","-8484,192"
"00:19:50","-53061,854","815,372","-8484,025"
"00:19:51","-53046,111","107,926","-8481,991"
"00:19:52","-53034,171","160,332","-8479,081"
"00:19:53","-53016,372","225,479","-8478,111"
"00:19:54","-53003,874","45,950","-8476,842"
"00:19:55","-52996,390","174,324","-8474,155"
"00:19:56","-52989,002","329,525","-8471,581"
"00:19:57","-52982,416","312,082","-8471,319"
"00:19:58","-52973,278","447,396","-8469,584"
"00:19:59","-52964,360","1931,930","-8466,562"
"00:20:00","-52954,599","4117,491","-8465,052"
"00:20:01","-52943,930","5661,296","-8464,156"
"00:20:02","-52923,165","8191,196","-8461,357"
"00:20:03","-52898,727","7145,979","-8457,794"
"00:20:04","-52856,449","5837,934","-8456,470"
"00:20:05","-52821,245","4534,216","-8455,835"
"00:20:06","-52783,225","2863,754","-8452,589"
"00:20:07","-52756,418","1154,169","-8449,921"
"00:20:08","-52728,750","1232,227","-8448,596"
"00:20:09","-52708,190","1269,241","-8448,428"
"00:20:10","-52684,870","1558,189","-8445,183"
"00:20:11","-52666,195","2306,827","-8442,701"
"00:20:12","-52645,355","3827,797","-8442,029"
"00:20:13","-52628,752","3580,284","-8440,891"
"00:20:14","-52611,530","5867,466","-8438,130"
"00:20:15","-52593,809","3337,380","-8435,630"
"00:20:16","-52578,732","2981,698","-8435,742"
"00:20:17","-52561,291","936,842","-8431,806"
"00:20:18","-52547,839","256,878","-8428,392"
"00:20:19","-52532,524","10351,441","-8442,011"
"00:20:20","-52517,187","13733,950","-8451,227"
"00:20:21","-52488,960","5055,695","-8406,041"
"00:20:22","-52472,562","669,685","-8403,989"
"00:20:23","-52453,645","1119,991","-8418,093"
"00:20:24","-52436,929","2264,888","-8400,967"
"00:20:25","-52418,683","-361,036","-8400,687"
"00:20:26","-52399,840","1548,189","-8431,788"
"00:20:27","-52384,857","262,699","-8406,004"
"00:20:28","-52372,880","385,830","-8402,590"
"00:20:29","-52358,869","10080,534","-8389,475"
"00:20:30","-52341,275","3045,055","-8393,057"
"00:20:31","-52324,690","15058,992","-8394,848"
"00:20:32","-52311,130","18960,072","-8392,777"
"00:20:33","-52294,616","18046,306","-8391,546"
"00:20:34","-52280,568","17163,493","-8388,374"
"00:20:35","-52267,883","16526,455","-8387,628"
"00:20:36","-52251,782","15851,192","-8386,620"
"00:20:37","-52241,970","15357,007","-8378,841"
"00:20:38","-52229,509","14822,898","-8376,583"
"00:20:39","-52210,551","14407,963","-8382,796"
"00:20:40","-52194,864","9534,651","-8379,848"
"00:20:41","-52181,598","1581,882","-8386,546"
"00:20:42","-52166,279","2422,832","-8383,020"
"00:20:43","-52152,570","3083,786","-8381,415"
"00:20:44","-52135,237","2231,325","-8382,609"
"00:20:45","-52120,145","2073,475","-8387,460"
"00:20:46","-52104,883","3263,240","-8382,237"
"00:20:47","-52092,236","4501,474","-8377,255"
"00:20:48","-52075,274","5932,222","-8379,531"
"00:20:49","-52061,059","5409,735","-8386,602"
"00:20:50","-52044,101","7397,988","-8384,811"
"00:20:51","-52032,944","5369,942","-8383,206"
"00:20:52","-52020,147","7280,043","-8381,658"
"00:20:53","-52008,729","10659,157","-8376,807"
"00:20:54","-51996,790","8383,822","-8377,516"
"00:20:55","-51986,136","7331,665","-8364,979"
"00:20:56","-51976,379","8077,113","-8361,864"
"00:20:57","-51965,952","12525,809","-8348,021"
"00:20:58","-51956,285","12593,550","-8343,357"
"00:20:59","-51943,712","11947,894","-8346,994"
"00:21:00","-51932,946","12032,798","-8347,293"
"00:21:01","-51922,314","11939,573","-8345,931"
"00:21:02","-51913,209","11406,639","-8344,681"
"00:21:03","-51902,127","10118,481","-8344,327"
"00:21:04","-51894,460","9652,261","-8344,495"
"00:21:05","-51884,010","9403,778","-8343,562"
"00:21:06","-51875,953","11811,162","-8341,547"
"00:21:07","-51868,696","12581,516","-8337,032"
"00:21:08","-51857,743","12322,381","-8307,984"
"00:21:09","-51849,741","12029,142","-8323,170"
"00:21:10","-51841,214","11819,875","-8318,787"
"00:21:11","-51832,054","11586,112","-8332,032"
"00:21:12","-51825,374","11416,881","-8327,237"
"00:21:13","-51816,307","11234,983","-8318,190"
"00:21:14","-51808,007","11061,834","-8326,380"
"00:21:15","-51798,921","10931,427","-8322,872"
"00:21:16","-51789,537","10787,270","-8322,872"
"00:21:17","-51781,852","10674,922","-8325,017"
"00:21:18","-51773,157","10550,391","-8322,854"
"00:21:19","-51765,583","10453,584","-8322,947"
"00:21:20","-51758,025","10347,169","-8325,409"
"00:21:21","-51751,103","10264,820","-8327,741"
"00:21:22","-51742,636","10171,054","-8329,569"
"00:21:23","-51736,068","10098,350","-8331,025"
"00:21:24","-51727,261","10018,669","-8332,629"
"00:21:25","-51720,899","9957,533","-8332,163"
"00:21:26","-51710,322","9885,520","-8332,144"
"00:21:27","-51700,920","9830,055","-8331,286"
"00:21:28","-51688,887","9767,855","-8332,610"
"00:21:29","-51679,652","9718,696","-8331,715"
"00:21:30","-51667,713","9662,409","-8331,211"
"00:21:31","-51657,319","9619,257","-8331,155"
"00:21:32","-51644,392","9571,610","-8331,566"
"00:21:33","-51629,558","9524,278","-8330,652"
"00:21:34","-51616,799","9488,608","-8330,428"
"00:21:35","-51601,294","9448,329","-8330,782"
"00:21:36","-51587,898","9416,688","-8329,681"
"00:21:37","-51571,406","9377,901","-8328,115"
"00:21:38","-51556,557","9347,436","-8327,890"
"00:21:39","-51537,734","9314,302","-8327,518"
"00:21:40","-51521,335","9286,392","-8326,715"
"00:21:41","-51501,427","9254,398","-8323,992"
"00:21:42","-51485,308","9231,431","-8323,152"
"00:21:43","-51465,869","9205,798","-8323,133"
"00:21:44","-51447,455","9182,832","-8322,107"
"00:21:45","-51428,035","9159,605","-8320,223"
"00:21:46","-51411,208","9140,221","-8321,323"
"00:21:47","-51392,607","9120,632","-8320,148"
"00:21:48","-51373,765","9099,793","-8319,812"
"00:21:49","-51353,540","9079,477","-8321,323"
"00:21:50","-51337,142","9064,756","-8320,764"
"00:21:51","-51318,131","9045,709","-8319,328"
"00:21:52","-51303,092","9030,261","-8318,058"
"00:21:53","-51286,582","9014,123","-8323,674"
"00:21:54","-51271,081","9001,363","-8324,738"
"00:21:55","-51256,415","8984,498","-8322,163"
"00:21:56","-51240,653","8968,957","-8319,588"
"00:21:57","-51227,275","8958,584","-8319,980"
"00:21:58","-51210,579","8945,133","-8319,532"
"00:21:59","-51197,033","8933,659","-8318,283"
"00:22:00","-51181,547","8921,496","-8318,021"
"00:22:01","-51169,179","8914,480","-8317,518"
"00:22:02","-51154,703","8903,212","-8317,965"
"00:22:03","-51142,015","8893,940","-8316,790"
"00:22:04","-51128,525","8884,463","-8316,380"
"00:22:05","-51117,204","8878,026","-8316,977"
"00:22:06","-51102,947","8868,940","-8315,521"
"00:22:07","-51090,915","8860,750","-8313,674"
"00:22:08","-51071,439","8852,934","-8314,476"
"00:22:09","-51057,316","8848,493","-8312,425"
"00:22:10","-51041,085","8840,695","-8310,988"
"00:22:11","-51028,099","8834,315","-8310,541"
"00:22:12","-51012,877","8828,624","-8311,138"
"00:22:13","-50998,025","8822,505","-8310,037"
"00:22:14","-50984,856","8817,020","-8309,458"
"00:22:15","-50971,255","8811,722","-8309,496"
"00:22:16","-50959,893","8808,495","-8310,596"
"00:22:17","-50946,385","8803,252","-8310,465"
"00:22:18","-50939,951","8797,469","-8310,894"
"00:22:19","-50929,911","8793,271","-8309,775"
"00:22:20","-50921,127","8789,185","-8309,234"
"00:22:21","-50910,920","8783,122","-8306,790"
"00:22:22","-50902,694","8780,174","-8303,843"
"00:22:23","-50893,083","8775,958","-8303,152"
"00:22:24","-50884,783","8771,835","-8301,996"
"00:22:25","-50874,408","8766,965","-8298,936"
"00:22:26","-50866,257","8764,633","-8297,798"
"00:22:27","-50857,469","8762,786","-8296,977"
"00:22:28","-50849,076","8759,391","-8294,981"
"00:22:29","-50838,590","8755,716","-8292,108"
"00:22:30","-50832,041","8754,970","-8292,556"
"00:22:31","-50825,156","8754,074","-8294,757"
"00:22:32","-50812,621","8746,612","-8295,260"
"00:22:33","-50805,867","8746,332","-8288,489"
"00:22:34","-50802,547","8740,044","-8304,607"
"00:22:35","-50791,707","8738,291","-8299,422"
"00:22:36","-50784,413","8737,787","-8288,731"
"00:22:37","-50779,376","8736,388","-8284,925"
"00:22:38","-50771,669","8732,097","-8292,537"
"00:22:39","-50766,688","8728,590","-8289,850"
"00:22:40","-50758,053","8721,966","-8287,705"
"00:22:41","-50754,543","8721,015","-8289,328"
"00:22:42","-50750,699","8716,967","-8285,093"
"00:22:43","-50731,428","8679,952","-8319,869"
"00:22:44","-50729,226","8686,874","-8307,854"
"00:22:45","-50727,490","8690,885","-8303,301"
"00:22:46","-50731,223","8707,713","-8278,358"
"00:22:47","-50726,503","8704,150","-8275,000"
"00:22:48","-50717,883","8691,856","-8287,985"
"00:22:49","-50721,020","8706,332","-8269,589"
"00:22:50","-50715,160","8705,344","-8267,798"
"00:22:51","-50705,664","8693,143","-8281,996"
"00:22:52","-50702,401","8696,314","-8281,007"
"00:22:53","-50697,792","8697,676","-8278,769"
"00:22:54","-50695,088","8703,236","-8271,343"
"00:22:55","-50691,579","8703,142","-8268,321"
"00:22:56","-50687,715","8705,642","-8261,474"
"00:22:57","-50684,899","8704,560","-8264,720"
"00:22:58","-50679,583","8699,224","-8268,620"
"00:22:59","-50675,515","8700,325","-8271,623"
"00:23:00","-50671,391","8700,997","-8274,235"
"00:23:01","-50665,386","8699,877","-8274,571"
"00:23:02","-50660,163","8697,024","-8278,657"
"00:23:03","-50656,430","8697,191","-8278,694"
"00:23:04","-50653,018","8700,232","-8274,030"
"00:23:05","-50647,940","8697,471","-8272,780"
"00:23:06","-50644,156","8695,754","-8271,287"
"00:23:07","-50640,218","8696,594","-8269,329"
"00:23:08","-50634,362","8697,322","-8269,142"
"00:23:09","-50629,470","8696,035","-8266,623"
"00:23:10","-50633,743","8698,142","-8263,843"
"00:23:11","-50629,079","8701,575","-8268,209"
"00:23:12","-50618,578","8694,001","-8268,937"
"00:23:13","-50613,653","8695,475","-8261,959"
"00:23:14","-50605,219","8693,703","-8260,075"
"00:23:15","-50596,114","8690,177","-8260,243"
"00:23:16","-50584,584","8689,449","-8263,508"
"00:23:17","-50574,195","8687,098","-8264,328"
"00:23:18","-50564,006","8687,564","-8266,660"
"00:23:19","-50556,563","8689,150","-8265,616"
"00:23:20","-50548,263","8687,285","-8261,605"
"00:23:21","-50542,422","8687,117","-8261,754"
"00:23:22","-50535,854","8687,826","-8261,698"
"00:23:23","-50530,203","8687,508","-8262,202"
"00:23:24","-50524,905","8688,423","-8256,419"
"00:23:25","-50519,846","8686,314","-8258,340"
"00:23:26","-50514,884","8690,177","-8260,430"
"00:23:27","-50508,432","8687,676","-8260,597"
"00:23:28","-50503,749","8687,956","-8259,049"
"00:23:29","-50502,852","8685,960","-8257,613"
"00:23:30","-50498,560","8682,639","-8256,120"
"00:23:31","-50493,281","8676,166","-8253,676"
"00:23:32","-50490,130","8671,781","-8254,366"
"00:23:33","-50487,909","8667,546","-8253,452"
"00:23:34","-50486,900","8660,065","-8249,553"
"00:23:35","-50483,208","8656,614","-8248,807"
"00:23:36","-50483,059","8659,916","-8248,732"
"00:23:37","-50480,220","8660,792","-8253,788"
"00:23:38","-50476,268","8659,860","-8257,109"
"00:23:39","-50473,899","8659,543","-8257,016"
"00:23:40","-50471,362","8662,024","-8255,653"
"00:23:41","-50468,225","8665,084","-8257,780"
"00:23:42","-50468,095","8673,553","-8248,545"
"00:23:43","-50462,257","8674,375","-8252,203"
"00:23:44","-50458,636","8677,172","-8254,851"
"00:23:45","-50452,389","8680,419","-8260,112"
"00:23:46","-50448,358","8683,180","-8259,011"
"00:23:47","-50443,675","8686,557","-8261,418"
"00:23:48","-50438,918","8688,758","-8266,195"
"00:23:49","-50434,552","8692,509","-8268,843"
"00:23:50","-50430,130","8695,791","-8269,347"
"00:23:51","-50423,916","8697,191","-8274,123"
"00:23:52","-50418,526","8697,508","-8284,571"
"00:23:53","-50414,141","8702,191","-8286,417"
"00:23:54","-50409,626","8708,011","-8281,978"
"00:23:55","-50403,379","8705,642","-8286,064"
"00:23:56","-50398,227","8711,706","-8286,064"
"00:23:57","-50393,153","8714,840","-8286,940"
"00:23:58","-50387,166","8715,848","-8290,503"
"00:23:59","-50382,931","8721,462","-8291,343"
"00:24:00","-50374,962","8726,836","-8293,302"
"00:24:01","-50369,944","8728,925","-8296,921"
"00:24:02","-50365,243","8732,134","-8293,843"
"00:24:03","-50353,806","8731,463","-8305,204"
"00:24:04","-50344,348","8737,694","-8305,727"
"00:24:05","-50334,461","8730,511","-8319,719"
"00:24:06","-50328,676","8732,265","-8319,066"
"00:24:07","-50325,058","8733,758","-8323,077"
"00:24:08","-50320,599","8734,112","-8322,816"
"00:24:09","-50317,112","8732,339","-8323,021"
"00:24:10","-50313,268","8734,411","-8327,088"
"00:24:11","-50309,386","8736,164","-8330,297"
"00:24:12","-50305,620","8737,152","-8333,021"
"00:24:13","-50301,943","8737,955","-8335,913"
"00:24:14","-50299,481","8741,015","-8339,812"
"00:24:15","-50296,646","8743,458","-8343,823"
"00:24:16","-50293,714","8741,481","-8335,689"
"00:24:17","-50291,009","8740,977","-8335,055"
"00:24:18","-50289,631","8744,597","-8334,289"
"00:24:19","-50287,094","8744,933","-8336,809"
"00:24:20","-50286,718","8746,425","-8336,472"
"00:24:21","-50285,842","8750,025","-8339,793"
"00:24:22","-50284,985","8752,451","-8343,861"
"00:24:23","-50284,293","8754,242","-8345,259"
"00:24:24","-50283,939","8757,097","-8346,659"
"00:24:25","-50283,026","8759,167","-8352,218"
"00:24:26","-50281,961","8761,761","-8355,333"
"00:24:27","-50281,253","8764,708","-8357,797"
"00:24:28","-50280,806","8765,250","-8361,658"
"00:24:29","-50279,722","8768,551","-8366,640"
"00:24:30","-50280,191","8770,472","-8369,550"
"00:24:31","-50278,325","8770,398","-8373,244"
"00:24:32","-50278,194","8773,290","-8375,669"
"00:24:33","-50276,961","8776,200","-8378,971"
"00:24:34","-50274,536","8777,413","-8383,505"
"00:24:35","-50274,033","8779,502","-8386,602"
"00:24:36","-50274,927","8789,129","-8384,083"
"00:24:37","-50271,794","8792,282","-8387,684"
"00:24:38","-50267,633","8792,991","-8389,512"
"00:24:39","-50263,513","8792,599","-8393,728"
"00:24:40","-50259,184","4477,482","-8405,165"
"00:24:41","-50254,129","2249,832","-8432,385"
"00:24:42","-50250,135","2431,320","-8446,377"
"00:24:43","-50247,692","2919,069","-8452,235"
"00:24:44","-50244,819","3103,916","-8453,820"
"00:24:45","-50241,906","3141,228","-8452,776"
"00:24:46","-50237,972","3379,543","-8452,477"
"00:24:47","-50234,314","3835,539","-8452,832"
"00:24:48","-50230,134","11455,667","-8450,238"
"00:24:49","-50226,066","11086,180","-8447,738"
"00:24:50","-50221,499","10790,348","-8437,142"
"00:24:51","-50222,430","10563,899","-8416,563"
"00:24:52","-50217,040","10405,133","-8410,649"
"00:24:53","-50208,345","10248,533","-8408,317"
"00:24:54","-50198,119","10133,630","-8415,575"
"00:24:55","-50186,403","10016,450","-8420,276"
"00:24:56","-50176,367","9928,765","-8422,216"
"00:24:57","-50167,467","7509,273","-8427,832"
"00:24:58","-50160,136","9995,013","-8427,403"
"00:24:59","-50148,159","9877,069","-8442,496"
"00:25:00","-50140,046","9799,160","-8450,947"
"00:25:01","-50129,019","9720,169","-8460,219"
"00:25:02","-50119,951","9664,182","-8464,622"
"00:25:03","-50108,831","9603,008","-8468,745"
"00:25:04","-50101,314","9558,606","-8469,286"
"00:25:05","-50088,909","9504,335","-8468,950"
"00:25:06","-50083,682","9473,012","-8471,394"
"00:25:07","-50073,758","9434,281","-8469,547"
"00:25:08","-50065,737","9403,890","-8469,995"
"00:25:09","-50057,489","9372,212","-8472,570"
"00:25:10","-50048,947","9344,003","-8476,786"
"00:25:11","-50042,361","9322,735","-8477,737"
"00:25:12","-50035,328","9298,986","-8478,745"
"00:25:13","-50028,741","9280,722","-8481,320"
"00:25:14","-50020,754","9261,207","-8491,692"
"00:25:15","-50014,395","9246,095","-8496,786"
"00:25:16","-50007,027","9230,946","-8500,516"
"00:25:17","-50001,074","9220,649","-8503,595"
"00:25:18","-49992,770","9206,805","-8507,419"
"00:25:19","-49986,485","9195,387","-8509,826"
"00:25:20","-49981,281","9186,172","-8511,730"
"00:25:21","-49976,557","9178,224","-8513,968"
"00:25:22","-49970,143","9168,634","-8512,550"
"00:25:23","-49964,450","9160,650","-8514,584"
"00:25:24","-49959,991","9154,792","-8516,431"
"00:25:25","-49954,806","9151,116","-8516,991"
"00:25:26","-49949,564","9143,971","-8518,091"
"00:25:27","-49946,953","9140,912","-8516,356"
"00:25:28","-49941,972","9137,218","-8516,916"
"00:25:29","-49933,575","9127,796","-8522,774"
"00:25:30","-49931,280","9127,367","-8517,494"
"00:25:31","-49928,892","9128,766","-8513,595"
"00:25:32","-49920,402","9122,983","-8521,785"
"00:25:33","-49914,733","9119,270","-8521,766"
"00:25:34","-49911,618","9116,117","-8513,277"
"00:25:35","-49905,889","9112,797","-8507,774"
"00:25:36","-49899,302","9110,259","-8508,278"
"00:25:37","-49891,934","9103,077","-8513,184"
"00:25:38","-49887,065","9104,177","-8510,461"
"00:25:39","-49882,289","9109,513","-8506,729"
"00:25:40","-49874,790","9101,230","-8521,002"
"00:25:41","-49868,055","9106,323","-8514,975"
"00:25:42","-49861,897","9108,860","-8507,289"
"00:25:43","-49853,709","9103,524","-8522,587"
"00:25:44","-49847,085","9110,558","-8509,920"
"00:25:45","-49835,015","9098,710","-8527,457"
"00:25:46","-49832,180","9109,177","-8520,684"
"00:25:47","-49820,818","9099,737","-8539,136"
"00:25:48","-49817,029","9112,442","-8519,882"
"00:25:49","-49806,114","9115,744","-8515,741"
"00:25:50","-49808,018","9121,602","-8524,210"
"00:25:51","-49790,967","9121,677","-8505,703"
"00:25:52","-49781,565","9121,434","-8501,673"
"00:25:53","-49776,696","9121,789","-8509,379"
"00:25:54","-49767,219","9124,270","-8505,983"
"00:25:55","-49756,825","9118,934","-8507,363"
"00:25:56","-49748,376","9122,722","-8498,838"
"00:25:57","-49736,246","9115,035","-8509,807"
"00:25:58","-49727,049","9114,251","-8530,498"
"00:25:59","-49724,381","9112,778","-8544,471"
"00:26:00","-49719,270","9114,476","-8547,120"
"00:26:01","-49712,088","9117,143","-8544,564"
"00:26:02","-49706,344","9116,920","-8542,699"
"00:26:03","-49703,095","9121,005","-8535,721"
"00:26:04","-49694,944","9119,923","-8537,960"
"00:26:05","-49688,321","9123,841","-8536,560"
"00:26:06","-49688,600","9126,322","-8539,117"
"00:26:07","-49684,290","9115,726","-8568,948"
"00:26:08","-49669,329","9119,401","-8542,848"
"00:26:09","-49670,521","9129,084","-8536,915"
"00:26:10","-49671,587","9132,610","-8531,150"
"00:26:11","-49668,673","9136,247","-8521,300"
"00:26:12","-49650,766","9131,210","-8511,151"
"00:26:13","-49642,872","9130,931","-8514,062"
"00:26:14","-49638,510","9133,356","-8502,961"
"00:26:15","-49631,212","9133,766","-8507,569"
"00:26:16","-49639,106","9138,505","-8516,710"
"00:26:17","-49615,655","9137,871","-8493,819"
"00:26:18","-49611,438","9140,259","-8489,529"
"00:26:19","-49603,585","9142,535","-8487,308"
"00:26:20","-49598,265","9144,624","-8483,671"
"00:26:21","-49591,962","9145,594","-8480,965"
"00:26:22","-49586,587","9147,162","-8479,230"
"00:26:23","-49580,470","3371,316","-8476,376"
"00:26:24","-49577,877","3546,946","-8489,174"
"00:26:25","-49570,542","3214,696","-8499,733"
"00:26:26","-49601,458","3748,788","-8450,368"
"00:26:27","-49574,908","3730,020","-8449,697"
"00:26:28","-49565,747","3719,852","-8451,601"
"00:26:29","-49514,759","4144,655","-8458,391"
"00:26:30","-49516,495","4199,971","-8450,630"
"00:26:31","-49511,272","4399,331","-8452,216"
"00:26:32","-49504,854","4590,800","-8446,544"
"00:26:33","-49499,836","4570,278","-8442,757"
"00:26:34","-49481,925","5819,464","-8455,108"
"00:26:35","-49488,846","5557,549","-8439,212"
"00:26:36","-49477,298","6171,172","-8432,142"
"00:26:37","-49467,336","6037,910","-8418,504"
"00:26:38","-49456,123","5996,642","-8411,041"
"00:26:39","-49440,343","5521,729","-8410,538"
"00:26:40","-49430,154","6436,053","-8409,474"
"00:26:41","-49421,236","6478,851","-8407,292"
"00:26:42","-49409,520","7016,020","-8402,982"
"00:26:43","-49399,242","5611,745","-8399,867"
"00:26:44","-49389,411","5587,268","-8397,516"
"00:26:45","-49379,915","5569,451","-8394,195"
"00:26:46","-49367,879","7466,475","-8389,139"
"00:26:47","-49357,656","6224,342","-8385,874"
"00:26:48","-49346,723","6697,110","-8382,777"
"00:26:49","-49335,495","6607,075","-8379,457"
"00:26:50","-49326,427","7041,075","-8375,427"
"00:26:51","-49316,201","7210,418","-8373,132"
"00:26:52","-49307,380","6875,109","-8371,098"
"00:26:53","-49296,930","9568,065","-8366,304"
"00:26:54","-49289,003","9468,198","-8363,430"
"00:26:55","-49279,880","6426,986","-8360,576"
"00:26:56","-49272,023","5582,399","-8358,151"
"00:26:57","-49262,453","6087,293","-8354,177"
"00:26:58","-49255,345","6018,433","-8352,442"
"00:26:59","-49247,231","5668,031","-8349,774"
"00:27:00","-49240,030","5439,473","-8346,435"
"00:27:01","-49231,559","6091,696","-8342,107"
"00:27:02","-49224,097","6806,398","-8344,233"
"00:27:03","-49217,325","6586,255","-8344,924"
"00:27:04","-49210,291","5924,890","-8346,118"
"00:27:05","-49202,997","5744,298","-8345,017"
"00:27:06","-49197,286","6433,441","-8346,286"
"00:27:07","-49190,722","5612,548","-8344,887"
"00:27:08","-49185,161","6199,343","-8342,853"
"00:27:09","-49180,552","5530,553","-8341,603"
"00:27:10","-49173,333","5405,463","-8341,920"
"00:27:11","-49167,980","5726,220","-8339,476"
"00:27:12","-49163,632","5982,799","-8333,133"
"00:27:13","-49157,605","4960,567","-8337,051"
"00:27:14","-49152,102","5373,691","-8334,196"
"00:27:15","-49149,118","203,297","-8331,155"
"00:27:16","-49144,771","131,657","-8329,309"
"00:27:17","-49142,309","172,048","-8327,051"
"00:27:18","-49137,328","94,102","-8325,316"
"00:27:19","-49133,874","42,033","-8321,286"
"00:27:20","-49132,794","24,253","-8321,323"
"00:27:21","-49128,968","-65,782","-8323,600"
"00:27:22","-49122,009","-49,663","-8319,328"
"00:27:23","-49118,914","-16,007","-8315,242"
"00:27:24","-49120,218","-435,847","-8305,914"
"00:27:25","-49112,625","-45,204","-8312,051"
"00:27:26","-49108,967","-258,725","-8306,865"
"00:27:27","-49102,962","230,461","-8313,022"
"00:27:28","-49099,378","-76,659","-8311,547"
"00:27:29","-49094,994","-47,256","-8306,921"
"00:27:30","-49090,482","178,634","-8304,701"
"00:27:31","-49086,750","74,196","-8303,843"
"00:27:32","-49083,371","-97,721","-8302,444"
"00:27:33","-49080,256","-14,925","-8299,402"
"00:27:34","-49077,123","172,496","-8298,693"
"00:27:35","-49073,409","54,140","-8299,272"
"00:27:36","-49070,258","-157,757","-8297,033"
"00:27:37","-49066,581","11,921","-8292,817"
"00:27:38","-49063,373","174,324","-8291,716"
"00:27:39","-49060,259","-0,112","-8290,933"
"00:27:40","-49056,899","-138,206","-8287,799"
"00:27:41","-49053,486","30,298","-8283,265"
"00:27:42","-49051,024","163,447","-8280,727"
"00:27:43","-49047,422","12,183","-8278,246"
"00:27:44","-49044,363","-111,863","-8274,590"
"00:27:45","-49041,189","33,488","-8271,213"
"00:27:46","-49038,690","133,262","-8268,974"
"00:27:47","-49035,631","4,776","-8267,351"
"00:27:48","-49032,517","-131,284","-8263,956"
"00:27:49","-49029,887","65,017","-8261,474"
"00:27:50","-49026,862","110,258","-8258,582"
"00:27:51","-49023,636","33,339","-8255,989"
"00:27:52","-49020,220","-98,039","-8251,400"
"00:27:53","-49017,962","83,226","-8247,333"
"00:27:54","-49014,382","113,337","-8245,635"
"00:27:55","-49012,180","-41,865","-8243,359"
"00:27:56","-49008,671","-96,807","-8238,919"
"00:27:57","-49005,408","-15,018","-8235,206"
"00:27:58","-49000,539","70,539","-8233,807"
"00:27:59","-48997,685","-81,864","-8230,673"
"00:28:00","-48993,915","-27,854","-8226,400"
"00:28:01","-48992,068","128,224","-8223,322"
"00:28:02","-48988,450","48,208","-8221,587"
"00:28:03","-48984,699","-82,591","-8218,565"
"00:28:04","-48980,519","73,133","-8214,647"
"00:28:05","-48977,070","296,448","-8212,091"
"00:28:06","-48971,321","4,589","-8209,535"
"00:28:07","-48974,905","-138,896","-8204,536"
"00:28:08","-48991,788","38,730","-8202,987"
"00:28:09","-49020,126","145,314","-8200,935"
"00:28:10","-49033,746","-48,021","-8199,890"
"00:28:11","-49030,334","-188,521","-8195,020"
"00:28:12","-49013,205","165,369","-8195,412"
"00:28:13","-48987,478","133,056","-8194,871"
"00:28:14","-48964,869","-75,576","-8193,361"
"00:28:15","-48936,903","27,443","-8189,796"
"00:28:16","-48914,440","135,500","-8187,652"
"00:28:17","-48888,825","61,808","-8187,315"
"00:28:18","-48868,041","-80,744","-8184,535"
"00:28:19","-48843,473","31,380","-8180,618"
"00:28:20","-48823,882","177,197","-8179,088"
"00:28:21","-48801,403","17,257","-8177,130"
"00:28:22","-48783,641","-32,051","-8174,798"
"00:28:23","-48763,379","99,233","-8169,368"
"00:28:24","-48747,636","159,716","-8166,738"
"00:28:25","-48729,409","12,798","-8163,809"
"00:28:26","-48715,025","152,459","-8158,622"
"00:28:27","-48694,093","-12,966","-8158,174"
"00:28:28","-48680,715","-58,991","-8152,783"
"00:28:29","-48666,742","11,884","-8152,111"
"00:28:30","-48650,809","96,901","-8147,708"
"00:28:31","-48638,422","318,854","-8144,219"
"00:28:32","-48622,936","267,120","-8142,970"
"00:28:33","-48610,438","28,040","-8137,709"
"00:28:34","-48595,306","270,907","-8130,787"
"00:28:35","-48583,832","329,637","-8126,608"
"00:28:36","-48569,653","436,818","-8122,653"
"00:28:37","-48558,909","130,538","-8118,288"
"00:28:38","-48546,501","309,694","-8112,504"
"00:28:39","-48536,744","478,626","-8109,949"
"00:28:40","-48524,488","590,881","-8106,291"
"00:28:41","-48514,243","749,795","-8102,112"
"00:28:42","-48510,887","1011,449","-8107,578"
"00:28:43","-48500,121","1375,451","-8122,634"
"00:28:44","-48484,992","1162,676","-8110,825"
"00:28:45","-48478,331","991,580","-8089,277"
"00:28:46","-48466,858","2141,421","-8087,616"
"00:28:47","-48454,378","2277,220","-8084,221"
"00:28:48","-48441,391","2059,259","-8082,039"
"00:28:49","-48425,179","2322,610","-8075,602"
"00:28:50","-48410,442","2815,005","-8073,345"
"00:28:51","-48389,584","3245,423","-8070,117"
"00:28:52","-48370,015","3743,881","-8066,797"
"00:28:53","-48344,716","4462,333","-8063,811"
"00:28:54","-48328,504","4901,669","-8053,158"
"00:28:55","-48293,281","6649,630","-8066,964"
"00:28:56","-48270,725","5431,843","-8057,469"
"00:28:57","-48244,439","6725,729","-8053,233"
"00:28:58","-48230,298","6664,480","-8064,222"
"00:28:59","-48197,277","7017,755","-8048,084"
"00:29:00","-48180,837","7715,182","-8046,499"
"00:29:01","-48161,510","7203,385","-8045,117"
"00:29:02","-48146,680","7227,601","-8044,371"
"00:29:03","-48131,417","6781,026","-8042,021"
"00:29:04","-48120,860","7780,553","-8040,360"
"00:29:05","-48137,873","9359,189","-8034,335"
"00:29:06","-48094,817","12020,822","-8037,394"
"00:29:07","-48094,105","10258,925","-8035,473"
"00:29:08","-48092,090","9893,710","-8033,439"
"00:29:09","-48090,599","10126,353","-8032,916"
"00:29:10","-48089,199","9688,472","-8031,406"
"00:29:11","-48090,693","10559,645","-8029,036"
"00:29:12","-48093,062","10956,650","-8027,842"
"00:29:13","-48095,934","11455,145","-8027,357"
"00:29:14","-48100,896","11615,980","-8025,360"
"00:29:15","-48105,169","11569,955","-8023,476"
"00:29:16","-48111,513","11512,923","-8022,861"
"00:29:17","-48116,159","11594,563","-8021,629"
"00:29:18","-48125,353","12374,551","-8017,629"
"00:29:19","-48129,909","12847,872","-8015,976"
"00:29:20","-48139,162","12070,410","-8014,951"
"00:29:21","-48146,848","12795,168","-8012,488"
"00:29:22","-48157,014","13142,323","-8008,290"
"00:29:23","-48163,023","12271,636","-8007,525"
"00:29:24","-48174,366","12561,517","-8005,082"
"00:29:25","-48182,238","11727,414","-8002,488"
"00:29:26","-48192,855","13146,820","-7998,514"
"00:29:27","-48202,109","12123,058","-7999,018"
"00:29:28","-48211,381","12219,417","-7996,611"
"00:29:29","-48220,091","12768,657","-7994,484"
"00:29:30","-48228,692","11113,605","-7991,686"
"00:29:31","-48235,781","10947,732","-7989,951"
"00:29:32","-48242,908","9976,339","-7987,563"
"00:29:33","-48251,938","10045,087","-7984,429"
"00:29:34","-48259,363","10149,320","-7983,534"
"00:29:35","-48268,300","10047,326","-7983,272"
"00:29:36","-48274,830","10209,206","-7981,687"
"00:29:37","-48281,863","9861,733","-7979,914"
"00:29:38","-48287,999","9925,276","-7979,056"
"00:29:39","-48294,380","8823,643","-7976,463"
"00:29:40","-48299,998","-47,536","-7973,832"
"00:29:41","-48306,078","125,538","-7971,481"
"00:29:42","-48311,640","72,554","-7970,418"
"00:29:43","-48317,458","-102,386","-7968,459"
"00:29:44","-48322,551","-58,749","-7965,568"
"00:29:45","-48327,737","129,978","-7964,206"
"00:29:46","-48332,740","22,182","-7962,732"
"00:29:47","-48335,984","-127,460","-7961,407"
"00:29:48","-48341,282","-15,559","-7958,328"
"00:29:49","-48345,145","143,373","-7956,351"
"00:29:50","-48350,479","24,234","-7954,709"
"00:29:51","-48353,691","-105,016","-7952,098"
"00:29:52","-48356,898","-3,881","-7947,508"
"00:29:53","-48359,547","130,463","-7947,265"
"00:29:54","-48362,587","13,936","-7945,362"
"00:29:55","-48365,537","-193,745","-7938,870"
"00:29:56","-48366,990","18,526","-7931,651"
"00:29:57","-48367,027","104,606","-7924,393"
"00:29:58","-48368,130","-22,201","-7916,184"
"00:29:59","-48368,484","4074,992","-7909,244"
"00:30:00","-48368,465","3947,066","-7896,464"
"00:30:01","-48367,571","3910,463","-7890,849"
"00:30:02","-48365,705","4404,144","-7885,308"
"00:30:03","-48363,522","3446,220","-7881,875"
"00:30:04","-48361,637","3307,455","-7875,010"
"00:30:05","-48360,441","3303,761","-7871,111"
"00:30:06","-48357,811","3538,569","-7866,876"
"00:30:07","-48354,566","4186,594","-7862,081"
"00:30:08","-48352,383","4192,471","-7858,854"
"00:30:09","-48349,045","4424,965","-7855,626"
"00:30:10","-48346,356","3979,901","-7854,843"
"00:30:11","-48344,549","3523,159","-7849,414"
"00:30:12","-48340,667","4508,433","-7845,552"
"00:30:13","-48335,332","5677,658","-7842,716"
"00:30:14","-48331,153","5248,116","-7839,638"
"00:30:15","-48325,144","5122,653","-7844,227"
"00:30:16","-48323,110","5078,922","-7828,631"
"00:30:17","-48321,564","176,470","-7826,691"
"00:30:18","-48316,620","292,008","-7831,373"
"00:30:19","","",""
"00:30:20","","",""
"00:30:21","","",""
"00:30:22","","",""
"00:30:23","","",""
"00:30:24","","",""
"00:30:25","","",""
"00:30:26","","",""
"00:30:27","","",""
